docs/00_handoff_task43.md	4974
docs/02_9.18_baseline.md	1682
docs/03_9.22_hybrid_fullRIC.md	2003
docs/04_results_audit.md	1906
docs/05_review_questions.md	1063
docs/CODE_INDEX.md	1608
docs/FIGURES.md	813
.gitignore	254
papers/README.md	1200
provenance/copy_sources.json	266527
provenance/derived_posteriors.json	14637
provenance/EXCLUDED_LARGE_FILES.md	719
provenance/missing_requested_paths.json	3
provenance/replaced_tree.json	223932
provenance/SCOPE.md	669
provenance/source_dependency_audit.json	3
provenance/uploaded_files.tsv	0
README.md	1544
review_data/ARRAY_INDEX.json	53196
review_data/posterior_excerpt/9.18_chain_ezmock604_joint.npz	1903331
review_data/posterior_excerpt/9.18_chain_ezmock604_p02.npz	1911122
review_data/posterior_excerpt/9.18_chain_ezmock604_xi02.npz	1453289
review_data/posterior_excerpt/9.18_chain_jaxpower_joint.npz	1903348
review_data/posterior_excerpt/9.18_chain_jaxpower_p02.npz	1910727
review_data/posterior_excerpt/9.18_chain_jaxpower_xi02.npz	1454522
review_data/posterior_excerpt/ezmock1000_0918_contract_v1_joint.npz	1911606
review_data/posterior_excerpt/ezmock1000_0918_contract_v1_p02.npz	1911938
review_data/posterior_excerpt/ezmock1000_0918_contract_v1_xi02.npz	1001889
review_data/posterior_excerpt/ezmock1000_gic_0918_contract_joint.npz	1909360
review_data/posterior_excerpt/ezmock1000_gic_0918_contract_p02.npz	1911938
review_data/posterior_excerpt/ezmock1000_gic_0918_contract_xi02.npz	1001816
review_data/posterior_excerpt/jaxpower_0918_contract_v1_joint.npz	1909607
review_data/posterior_excerpt/jaxpower_0918_contract_v1_p02.npz	1912380
review_data/posterior_excerpt/jaxpower_0918_contract_v1_xi02.npz	1001736
review_data/posterior_excerpt/jaxpower_gic_0918_contract_joint.npz	1907855
review_data/posterior_excerpt/jaxpower_gic_0918_contract_p02.npz	1912380
review_data/posterior_excerpt/jaxpower_gic_0918_contract_xi02.npz	1001877
review_data/posterior_excerpt/scale_bao_unmasked_joint.npz	1909996
review_data/posterior_excerpt/scale_bao_unmasked_xi02.npz	1454091
review_data/posterior_excerpt/scale_kmax0p06_joint.npz	1907254
review_data/posterior_excerpt/scale_kmax0p06_p02.npz	1903223
review_data/README.md	684
source/project/PNG-2PCF-model-to-observe/9.18meeting/task43_ezmock_covariance_mcmc_vs_jaxpower/task43_ezmock604_vs_jaxpower_rsd_P02xi02_joint_kmax0p08_smin50_baomask80_120_v1.json	5944
source/project/PNG-2PCF-model-to-observe/9.18meeting/task43_ezmock_covariance_mcmc_vs_jaxpower/task43_ezmock604_vs_jaxpower_rsd_P02xi02_joint_kmax0p08_smin50_baomask80_120_v1.pdf	74654
source/project/PNG-2PCF-model-to-observe/9.22meeting/task432_fkp_conditional_ezmock1000/conditional_modes.json	5691
source/project/PNG-2PCF-model-to-observe/9.22meeting/task432_fkp_conditional_ezmock1000/conditional_modes.npz	666246
source/project/PNG-2PCF-model-to-observe/9.22meeting/task432_fkp_conditional_ezmock1000/delivery_manifest.json	4011
source/project/PNG-2PCF-model-to-observe/9.22meeting/task432_fkp_conditional_ezmock1000/external_bias_inventory.json	10651
source/project/PNG-2PCF-model-to-observe/9.22meeting/task432_fkp_conditional_ezmock1000/final_manifest.json	4735
source/project/PNG-2PCF-model-to-observe/9.22meeting/task432_fkp_conditional_ezmock1000/independent_mode_audit.json	641
source/project/PNG-2PCF-model-to-observe/9.22meeting/task432_fkp_conditional_ezmock1000/lowdim_covariance_calibration.json	2421
source/project/PNG-2PCF-model-to-observe/9.22meeting/task432_fkp_conditional_ezmock1000/paired_fkp_results.json	6511
source/project/PNG-2PCF-model-to-observe/9.22meeting/task432_fkp_conditional_ezmock1000/paired_fkp_results.npz	8474
source/project/PNG-2PCF-model-to-observe/9.22meeting/task432_fkp_conditional_ezmock1000/pdf_quality_audit.json	1303
source/project/PNG-2PCF-model-to-observe/9.22meeting/task432_fkp_conditional_ezmock1000/plot_manifest.json	330
source/project/PNG-2PCF-model-to-observe/9.22meeting/task432_fkp_conditional_ezmock1000/postflight.json	8722
source/project/PNG-2PCF-model-to-observe/9.22meeting/task432_fkp_conditional_ezmock1000/README.md	393
source/project/PNG-2PCF-model-to-observe/9.22meeting/task432_fkp_conditional_ezmock1000/REPRODUCE.md	3530
source/project/PNG-2PCF-model-to-observe/9.22meeting/task432_fkp_conditional_ezmock1000/RESULTS.md	5845
source/project/PNG-2PCF-model-to-observe/9.22meeting/task432_fkp_conditional_ezmock1000/source/build_report.py	9632
source/project/PNG-2PCF-model-to-observe/9.22meeting/task432_fkp_conditional_ezmock1000/source/build_summary.py	8252
source/project/PNG-2PCF-model-to-observe/9.22meeting/task432_fkp_conditional_ezmock1000/source/local_covariance_calibration.py	1452
source/project/PNG-2PCF-model-to-observe/9.22meeting/task432_fkp_conditional_ezmock1000/source/local_mode_audit.py	1415
source/project/PNG-2PCF-model-to-observe/9.22meeting/task432_fkp_conditional_ezmock1000/source/requirements-local.txt	203
source/project/PNG-2PCF-model-to-observe/9.22meeting/task432_fkp_conditional_ezmock1000/source/run_task432_fkp_ric.sh	1499
source/project/PNG-2PCF-model-to-observe/9.22meeting/task432_fkp_conditional_ezmock1000/source/task432_fkp_analyze.py	7826
source/project/PNG-2PCF-model-to-observe/9.22meeting/task432_fkp_conditional_ezmock1000/source/task432_fkp_conditional_modes.py	7197
source/project/PNG-2PCF-model-to-observe/9.22meeting/task432_fkp_conditional_ezmock1000/source/task432_fkp_finalize.py	6902
source/project/PNG-2PCF-model-to-observe/9.22meeting/task432_fkp_conditional_ezmock1000/source/task432_fkp_inventory.py	3138
source/project/PNG-2PCF-model-to-observe/9.22meeting/task432_fkp_conditional_ezmock1000/source/task432_fkp_paired.py	9792
source/project/PNG-2PCF-model-to-observe/9.22meeting/task432_fkp_conditional_ezmock1000/source/task432_fkp_postflight.py	7063
source/project/PNG-2PCF-model-to-observe/9.22meeting/task432_fkp_conditional_ezmock1000/source/task432_fkp_ric_response.py	8193
source/project/PNG-2PCF-model-to-observe/9.22meeting/task432_fkp_conditional_ezmock1000/task432_fullRIC_FKP_conditional_diagnostics.pdf	55707
source/project/PNG-2PCF-model-to-observe/9.22meeting/task432_hybrid_ezmock1000_9.18contract/README.md	3868
source/project/PNG-2PCF-model-to-observe/9.22meeting/task432_hybrid_ezmock1000_9.18contract/task432_hybrid_ezmock1000_P02xi02_joint_kmax0p08_smin50_baomask80_120_9.18style_v1.json	13499
source/project/PNG-2PCF-model-to-observe/9.22meeting/task432_hybrid_ezmock1000_9.18contract/task432_hybrid_ezmock1000_P02xi02_joint_kmax0p08_smin50_baomask80_120_9.18style_v1.pdf	46883
source/project/PNG-2PCF-model-to-observe/9.22meeting/task432_hybrid_ezmock1000_gic_9.18contract/README.md	5616
source/project/PNG-2PCF-model-to-observe/9.22meeting/task432_hybrid_ezmock1000_gic_9.18contract/task432_hybrid_gic_ezmock1000_P02xi02_joint_kmax0p08_smin50_baomask80_120.json	14283
source/project/PNG-2PCF-model-to-observe/9.22meeting/task432_hybrid_ezmock1000_gic_9.18contract/task432_hybrid_gic_ezmock1000_P02xi02_joint_kmax0p08_smin50_baomask80_120.pdf	47934
source/project/PNG-2PCF-model-to-observe/9.22meeting/task432_hybrid_fullRIC_ezmock1000_9.18contract/RESULTS.md	4061
source/project/PNG-2PCF-model-to-observe/9.22meeting/task432_hybrid_fullRIC_ezmock1000_9.18contract/task432_hybrid_fullRIC_ezmock1000_P02xi02_joint_kmax0p08_smin50_baomask80_120_9.18style_v1.pdf	47223
source/project/PNG-2PCF-model-to-observe/9.22meeting/task432_hybrid_fullRIC_ezmock1000_9.18contract/task432_hybrid_fullRIC_ezmock1000_P02xi02_joint_kmax0p08_smin50_baomask80_120_diagnostics_v1.pdf	54367
source/project/PNG-2PCF-model-to-observe/9.22meeting/task432_hybrid_fullRIC_ezmock1000_9.18contract/task432_hybrid_fullRIC_ezmock1000_P02xi02_joint_kmax0p08_smin50_baomask80_120_results.json	44339
source/project/PNG-2PCF-model-to-observe/9.22meeting/task432_hybrid_gic_joint_b1_cause_tests_ezmock1000/common_kaiser_grid.npz	1430863
source/project/PNG-2PCF-model-to-observe/9.22meeting/task432_hybrid_gic_joint_b1_cause_tests_ezmock1000/common_theory_cross_injection.json	110581
source/project/PNG-2PCF-model-to-observe/9.22meeting/task432_hybrid_gic_joint_b1_cause_tests_ezmock1000/common_theory_numerical_audit.json	2216
source/project/PNG-2PCF-model-to-observe/9.22meeting/task432_hybrid_gic_joint_b1_cause_tests_ezmock1000/comparison_summary.csv	644
source/project/PNG-2PCF-model-to-observe/9.22meeting/task432_hybrid_gic_joint_b1_cause_tests_ezmock1000/comparison_summary.json	1320
source/project/PNG-2PCF-model-to-observe/9.22meeting/task432_hybrid_gic_joint_b1_cause_tests_ezmock1000/hybrid_gic_joint_b1_cause_tests_ezmock1000.pdf	65147
source/project/PNG-2PCF-model-to-observe/9.22meeting/task432_hybrid_gic_joint_b1_cause_tests_ezmock1000/input_manifest.json	1063
source/project/PNG-2PCF-model-to-observe/9.22meeting/task432_hybrid_gic_joint_b1_cause_tests_ezmock1000/README.md	7019
source/project/PNG-2PCF-model-to-observe/9.22meeting/task432_hybrid_gic_joint_b1_cause_tests_ezmock1000/report_audit.json	592
source/project/PNG-2PCF-model-to-observe/9.22meeting/task432_hybrid_gic_joint_b1_cause_tests_ezmock1000/ric_existing_probe.json	9383
source/project/PNG-2PCF-model-to-observe/9.22meeting/task432_hybrid_gic_joint_b1_cause_tests_ezmock1000/shot_contact_injection.json	819
source/project/PNG-2PCF-model-to-observe/9.22meeting/task432_hybrid_gic_joint_b1_cause_tests_ezmock1000/shot_contact_injection.npz	1282
source/project/PNG-2PCF-model-to-observe/9.22meeting/task432_hybrid_gic_joint_b1_cause_tests_ezmock1000/shot_response.json	44814
source/project/PNG-2PCF-model-to-observe/9.22meeting/task432_hybrid_gic_joint_b1_cause_tests_ezmock1000/source_manifest.json	4465
source/project/PNG-2PCF-model-to-observe/9.22meeting/task432_hybrid_gic_joint_b1_cause_tests_ezmock1000/source/mesh2.py	84793
source/project/PNG-2PCF-model-to-observe/9.22meeting/task432_hybrid_gic_joint_b1_cause_tests_ezmock1000/source/run_cause_tests.sh	1845
source/project/PNG-2PCF-model-to-observe/9.22meeting/task432_hybrid_gic_joint_b1_cause_tests_ezmock1000/source/spectrum2_tools.py	98686
source/project/PNG-2PCF-model-to-observe/9.22meeting/task432_hybrid_gic_joint_b1_cause_tests_ezmock1000/source/task432_cause_report.py	12519
source/project/PNG-2PCF-model-to-observe/9.22meeting/task432_hybrid_gic_joint_b1_cause_tests_ezmock1000/source/task432_finalize_cause_bundle.py	9752
source/project/PNG-2PCF-model-to-observe/9.22meeting/task432_hybrid_gic_joint_b1_cause_tests_ezmock1000/source/task432_hybrid_gic_0918_contract.py	23244
source/project/PNG-2PCF-model-to-observe/9.22meeting/task432_hybrid_gic_joint_b1_cause_tests_ezmock1000/source/task432_hybrid_gic.py	8098
source/project/PNG-2PCF-model-to-observe/9.22meeting/task432_hybrid_gic_joint_b1_cause_tests_ezmock1000/source/task432_hybrid_jaxpower_0918_contract.py	19950
source/project/PNG-2PCF-model-to-observe/9.22meeting/task432_hybrid_gic_joint_b1_cause_tests_ezmock1000/source/task432_joint_b1_cause_tests.py	9287
source/project/PNG-2PCF-model-to-observe/9.22meeting/task432_hybrid_gic_joint_b1_cause_tests_ezmock1000/source/task432_joint_b1_common_theory.py	7875
source/project/PNG-2PCF-model-to-observe/9.22meeting/task432_hybrid_gic_joint_b1_cause_tests_ezmock1000/source/task432_joint_b1_diagnostics.py	17965
source/project/PNG-2PCF-model-to-observe/9.22meeting/task432_hybrid_gic_joint_b1_cause_tests_ezmock1000/source/task432_lightcone_png_velocileptors.py	9028
source/project/PNG-2PCF-model-to-observe/9.22meeting/task432_hybrid_gic_joint_b1_cause_tests_ezmock1000/source/task432_shot_estimator_contact.py	3226
source/project/PNG-2PCF-model-to-observe/9.22meeting/task432_hybrid_gic_joint_b1_cause_tests_ezmock1000/source/task432_window_cause_analysis.py	3479
source/project/PNG-2PCF-model-to-observe/9.22meeting/task432_hybrid_gic_joint_b1_cause_tests_ezmock1000/source/task43_build_rsd_lightcone_random.py	13220
source/project/PNG-2PCF-model-to-observe/9.22meeting/task432_hybrid_gic_joint_b1_cause_tests_ezmock1000/source/task43_make_ric_factorized_operator_boxsafe.py	12310
source/project/PNG-2PCF-model-to-observe/9.22meeting/task432_hybrid_gic_joint_b1_cause_tests_ezmock1000/source/task43_measure_rsd_lightcone_p02_jaxpower.py	10978
source/project/PNG-2PCF-model-to-observe/9.22meeting/task432_hybrid_gic_joint_b1_cause_tests_ezmock1000/source/task43_measure_rsd_lightcone_pk0_jaxpower.py	13064
source/project/PNG-2PCF-model-to-observe/9.22meeting/task432_hybrid_gic_joint_b1_cause_tests_ezmock1000/source/task43_pk_common.py	10537
source/project/PNG-2PCF-model-to-observe/9.22meeting/task432_hybrid_gic_joint_b1_cause_tests_ezmock1000/source/task43_rsd_boxsafe_p02_increment.py	18314
source/project/PNG-2PCF-model-to-observe/9.22meeting/task432_hybrid_gic_joint_b1_cause_tests_ezmock1000/source/window_provenance_audit.py	1817
source/project/PNG-2PCF-model-to-observe/9.22meeting/task432_hybrid_gic_joint_b1_cause_tests_ezmock1000/window_pilot.json	34231
source/project/PNG-2PCF-model-to-observe/9.22meeting/task432_hybrid_gic_joint_b1_cause_tests_ezmock1000/window_pilot_matrices.npz	836912
source/project/PNG-2PCF-model-to-observe/9.22meeting/task432_hybrid_gic_joint_b1_cause_tests_ezmock1000/window_provenance_audit.json	1956
source/project/PNG-2PCF-model-to-observe/9.22meeting/task432_hybrid_gic_joint_b1_diagnostics_ezmock1000/code/build_report.py	19004
source/project/PNG-2PCF-model-to-observe/9.22meeting/task432_hybrid_gic_joint_b1_diagnostics_ezmock1000/code/finalize_diagnostics.py	3708
source/project/PNG-2PCF-model-to-observe/9.22meeting/task432_hybrid_gic_joint_b1_diagnostics_ezmock1000/code/task432_joint_b1_contract_audit.py	4008
source/project/PNG-2PCF-model-to-observe/9.22meeting/task432_hybrid_gic_joint_b1_diagnostics_ezmock1000/code/task432_joint_b1_diagnostics.py	17965
source/project/PNG-2PCF-model-to-observe/9.22meeting/task432_hybrid_gic_joint_b1_diagnostics_ezmock1000/code/task432_joint_b1_operators.py	6030
source/project/PNG-2PCF-model-to-observe/9.22meeting/task432_hybrid_gic_joint_b1_diagnostics_ezmock1000/code/task432_joint_b1_refine.py	3681
source/project/PNG-2PCF-model-to-observe/9.22meeting/task432_hybrid_gic_joint_b1_diagnostics_ezmock1000/delivery_manifest.json	2629
source/project/PNG-2PCF-model-to-observe/9.22meeting/task432_hybrid_gic_joint_b1_diagnostics_ezmock1000/diagnostic_fit_table.csv	4862
source/project/PNG-2PCF-model-to-observe/9.22meeting/task432_hybrid_gic_joint_b1_diagnostics_ezmock1000/ezmock1000_full_diagnostics.json.gz	212856
source/project/PNG-2PCF-model-to-observe/9.22meeting/task432_hybrid_gic_joint_b1_diagnostics_ezmock1000/operators.json	16909
source/project/PNG-2PCF-model-to-observe/9.22meeting/task432_hybrid_gic_joint_b1_diagnostics_ezmock1000/postflight_audit.json	4001
source/project/PNG-2PCF-model-to-observe/9.22meeting/task432_hybrid_gic_joint_b1_diagnostics_ezmock1000/provenance/initial_run_manifest.json	2709
source/project/PNG-2PCF-model-to-observe/9.22meeting/task432_hybrid_gic_joint_b1_diagnostics_ezmock1000/provenance/README.md	560
source/project/PNG-2PCF-model-to-observe/9.22meeting/task432_hybrid_gic_joint_b1_diagnostics_ezmock1000/provenance/task432_joint_b1_diagnostics.py	17818
source/project/PNG-2PCF-model-to-observe/9.22meeting/task432_hybrid_gic_joint_b1_diagnostics_ezmock1000/provenance/task432_joint_b1_operators.py	5916
source/project/PNG-2PCF-model-to-observe/9.22meeting/task432_hybrid_gic_joint_b1_diagnostics_ezmock1000/provenance/task432_joint_b1_refine.py	3681
source/project/PNG-2PCF-model-to-observe/9.22meeting/task432_hybrid_gic_joint_b1_diagnostics_ezmock1000/README.md	9569
source/project/PNG-2PCF-model-to-observe/9.22meeting/task432_hybrid_gic_joint_b1_diagnostics_ezmock1000/run_manifest.json	2731
source/project/PNG-2PCF-model-to-observe/9.22meeting/task432_hybrid_gic_joint_b1_diagnostics_ezmock1000/summary.json	160612
source/project/PNG-2PCF-model-to-observe/9.22meeting/task432_hybrid_gic_joint_b1_diagnostics_ezmock1000/task432_hybrid_gic_ezmock1000_joint_b1_diagnostics.pdf	104932
source/project/PNG-2PCF-model-to-observe/9.22meeting/task432_hybrid_gic_joint_b1_diagnostics_ezmock1000/visual_qa.json	555
source/project/PNG-2PCF-model-to-observe/9.22meeting/task432_hybrid_gic_results.md	5616
source/project/PNG-2PCF-model-to-observe/9.22meeting/task432_hybrid_jaxpower_9.18contract/README.md	4088
source/project/PNG-2PCF-model-to-observe/9.22meeting/task432_hybrid_jaxpower_9.18contract/task432_hybrid_jaxpower_P02xi02_joint_kmax0p08_smin50_baomask80_120_9.18style_v1.json	10068
source/project/PNG-2PCF-model-to-observe/9.22meeting/task432_hybrid_jaxpower_9.18contract/task432_hybrid_jaxpower_P02xi02_joint_kmax0p08_smin50_baomask80_120_9.18style_v1.pdf	46167
source/project/PNG-2PCF-model-to-observe/9.22meeting/task432_hybrid_jaxpower_gic_9.18contract/README.md	5616
source/project/PNG-2PCF-model-to-observe/9.22meeting/task432_hybrid_jaxpower_gic_9.18contract/task432_hybrid_gic_jaxpower_P02xi02_joint_kmax0p08_smin50_baomask80_120.json	11553
source/project/PNG-2PCF-model-to-observe/9.22meeting/task432_hybrid_jaxpower_gic_9.18contract/task432_hybrid_gic_jaxpower_P02xi02_joint_kmax0p08_smin50_baomask80_120.pdf	47092
source/project/PNG-2PCF-model-to-observe/9.22meeting/task432_scale_selection_ezmock1000/artifact_manifest.json	2171
source/project/PNG-2PCF-model-to-observe/9.22meeting/task432_scale_selection_ezmock1000/constraints.csv	2128
source/project/PNG-2PCF-model-to-observe/9.22meeting/task432_scale_selection_ezmock1000/executed_cut_manifest.json	15332
source/project/PNG-2PCF-model-to-observe/9.22meeting/task432_scale_selection_ezmock1000/expanded_input_audit.json	319886
source/project/PNG-2PCF-model-to-observe/9.22meeting/task432_scale_selection_ezmock1000/expanded_model_manifest.json	617
source/project/PNG-2PCF-model-to-observe/9.22meeting/task432_scale_selection_ezmock1000/expanded_validation.json	2303
source/project/PNG-2PCF-model-to-observe/9.22meeting/task432_scale_selection_ezmock1000/hygiene_audit.json	21261
source/project/PNG-2PCF-model-to-observe/9.22meeting/task432_scale_selection_ezmock1000/map_scan.json	105088
source/project/PNG-2PCF-model-to-observe/9.22meeting/task432_scale_selection_ezmock1000/paired_stability.json	48864
source/project/PNG-2PCF-model-to-observe/9.22meeting/task432_scale_selection_ezmock1000/paired_stability.npz	380584
source/project/PNG-2PCF-model-to-observe/9.22meeting/task432_scale_selection_ezmock1000/postflight.json	27950
source/project/PNG-2PCF-model-to-observe/9.22meeting/task432_scale_selection_ezmock1000/results.json	197005
source/project/PNG-2PCF-model-to-observe/9.22meeting/task432_scale_selection_ezmock1000/RESULTS.md	5501
source/project/PNG-2PCF-model-to-observe/9.22meeting/task432_scale_selection_ezmock1000/source/task432_scale_bao.py	12321
source/project/PNG-2PCF-model-to-observe/9.22meeting/task432_scale_selection_ezmock1000/source/task432_scale_deliver.py	18149
source/project/PNG-2PCF-model-to-observe/9.22meeting/task432_scale_selection_ezmock1000/source/task432_scale_dependent_fog_rawbox.py	13904
source/project/PNG-2PCF-model-to-observe/9.22meeting/task432_scale_selection_ezmock1000/source/task432_scale_diagnostics.py	5017
source/project/PNG-2PCF-model-to-observe/9.22meeting/task432_scale_selection_ezmock1000/source/task432_scale_finalize.py	8279
source/project/PNG-2PCF-model-to-observe/9.22meeting/task432_scale_selection_ezmock1000/source/task432_scale_numerics.py	6446
source/project/PNG-2PCF-model-to-observe/9.22meeting/task432_scale_selection_ezmock1000/source/task432_scale_selection.py	12451
source/project/PNG-2PCF-model-to-observe/9.22meeting/task432_scale_selection_ezmock1000/STATUS.json	1612
source/project/PNG-2PCF-model-to-observe/9.22meeting/task432_scale_selection_ezmock1000/task432_scale_selection_ezmock1000_contours_and_diagnostics.pdf	128978
source/project/PNG-2PCF-model-to-observe/codes/task432/debug_gsm_linear_limit.py	4443
source/project/PNG-2PCF-model-to-observe/codes/task432/debug_lightcone_emulator.py	2127
source/project/PNG-2PCF-model-to-observe/codes/task432/debug_lightcone_hybrid.py	3123
source/project/PNG-2PCF-model-to-observe/codes/task432/__pycache__/debug_gsm_linear_limit.cpython-312.pyc	7337
source/project/PNG-2PCF-model-to-observe/codes/task432/__pycache__/debug_lightcone_emulator.cpython-312.pyc	4212
source/project/PNG-2PCF-model-to-observe/codes/task432/__pycache__/debug_lightcone_hybrid.cpython-312.pyc	5944
source/project/PNG-2PCF-model-to-observe/codes/task432/__pycache__/task432_2pcf_rsd_contours.cpython-312.pyc	25053
source/project/PNG-2PCF-model-to-observe/codes/task432/__pycache__/task432_cause_report.cpython-312.pyc	21761
source/project/PNG-2PCF-model-to-observe/codes/task432/__pycache__/task432_contract.cpython-312.pyc	7519
source/project/PNG-2PCF-model-to-observe/codes/task432/__pycache__/task432_finalize_cause_bundle.cpython-312.pyc	12879
source/project/PNG-2PCF-model-to-observe/codes/task432/__pycache__/task432_finalize_joint_b1_diagnostics.cpython-312.pyc	7919
source/project/PNG-2PCF-model-to-observe/codes/task432/__pycache__/task432_first_order_streaming_rawbox.cpython-312.pyc	15878
source/project/PNG-2PCF-model-to-observe/codes/task432/__pycache__/task432_fkp_analyze.cpython-312.pyc	14417
source/project/PNG-2PCF-model-to-observe/codes/task432/__pycache__/task432_fkp_conditional_modes.cpython-312.pyc	14170
source/project/PNG-2PCF-model-to-observe/codes/task432/__pycache__/task432_fkp_finalize.cpython-312.pyc	11009
source/project/PNG-2PCF-model-to-observe/codes/task432/__pycache__/task432_fkp_inventory.cpython-312.pyc	5962
source/project/PNG-2PCF-model-to-observe/codes/task432/__pycache__/task432_fkp_paired.cpython-312.pyc	17823
source/project/PNG-2PCF-model-to-observe/codes/task432/__pycache__/task432_fkp_postflight.cpython-312.pyc	13633
source/project/PNG-2PCF-model-to-observe/codes/task432/__pycache__/task432_fkp_ric_response.cpython-312.pyc	16636
source/project/PNG-2PCF-model-to-observe/codes/task432/__pycache__/task432_full_ric_backend.cpython-312.pyc	18457
source/project/PNG-2PCF-model-to-observe/codes/task432/__pycache__/task432_full_ric_bootstrap_shot.cpython-312.pyc	8821
source/project/PNG-2PCF-model-to-observe/codes/task432/__pycache__/task432_full_ric_compile.cpython-312.pyc	18737
source/project/PNG-2PCF-model-to-observe/codes/task432/__pycache__/task432_full_ric_deliver.cpython-312.pyc	25006
source/project/PNG-2PCF-model-to-observe/codes/task432/__pycache__/task432_full_ric_finish.cpython-312.pyc	5987
source/project/PNG-2PCF-model-to-observe/codes/task432/__pycache__/task432_full_ric_fit.cpython-312.pyc	11425
source/project/PNG-2PCF-model-to-observe/codes/task432/__pycache__/task432_full_ric_geometry.cpython-312.pyc	16405
source/project/PNG-2PCF-model-to-observe/codes/task432/__pycache__/task432_full_ric_hybrid_grid.cpython-312.pyc	8798
source/project/PNG-2PCF-model-to-observe/codes/task432/__pycache__/task432_full_ric_los_audit.cpython-312.pyc	16232
source/project/PNG-2PCF-model-to-observe/codes/task432/__pycache__/task432_full_ric_numeric_audit.cpython-312.pyc	4724
source/project/PNG-2PCF-model-to-observe/codes/task432/__pycache__/task432_full_ric_package.cpython-312.pyc	13459
source/project/PNG-2PCF-model-to-observe/codes/task432/__pycache__/task432_full_ric_pair_checks.cpython-312.pyc	12755
source/project/PNG-2PCF-model-to-observe/codes/task432/__pycache__/task432_full_ric_paired_analysis.cpython-312.pyc	8409
source/project/PNG-2PCF-model-to-observe/codes/task432/__pycache__/task432_full_ric_paired.cpython-312.pyc	20246
source/project/PNG-2PCF-model-to-observe/codes/task432/__pycache__/task432_full_ric_pilot.cpython-312.pyc	11603
source/project/PNG-2PCF-model-to-observe/codes/task432/__pycache__/task432_full_ric_postflight.cpython-312.pyc	13316
source/project/PNG-2PCF-model-to-observe/codes/task432/__pycache__/task432_full_ric_qmc.cpython-312.pyc	10109
source/project/PNG-2PCF-model-to-observe/codes/task432/__pycache__/task432_full_ric_reference.cpython-312.pyc	14631
source/project/PNG-2PCF-model-to-observe/codes/task432/__pycache__/task432_full_ric_refinement.cpython-312.pyc	5730
source/project/PNG-2PCF-model-to-observe/codes/task432/__pycache__/task432_full_ric_response.cpython-312.pyc	18233
source/project/PNG-2PCF-model-to-observe/codes/task432/__pycache__/task432_full_ric_rr_audit.cpython-312.pyc	7374
source/project/PNG-2PCF-model-to-observe/codes/task432/__pycache__/task432_full_ric_shot.cpython-312.pyc	13429
source/project/PNG-2PCF-model-to-observe/codes/task432/__pycache__/task432_full_ric_stochastic_audit.cpython-312.pyc	5797
source/project/PNG-2PCF-model-to-observe/codes/task432/__pycache__/task432_full_ric_validation.cpython-312.pyc	16358
source/project/PNG-2PCF-model-to-observe/codes/task432/__pycache__/task432_gsm_kaiser_limit_audit.cpython-312.pyc	20673
source/project/PNG-2PCF-model-to-observe/codes/task432/__pycache__/task432_hybrid_0918_postflight.cpython-312.pyc	7133
source/project/PNG-2PCF-model-to-observe/codes/task432/__pycache__/task432_hybrid_ezmock_0918_contract.cpython-312.pyc	18880
source/project/PNG-2PCF-model-to-observe/codes/task432/__pycache__/task432_hybrid_gic_0918_contract.cpython-312.pyc	43678
source/project/PNG-2PCF-model-to-observe/codes/task432/__pycache__/task432_hybrid_gic.cpython-312.pyc	14928
source/project/PNG-2PCF-model-to-observe/codes/task432/__pycache__/task432_hybrid_jaxpower_0918_contract.cpython-312.pyc	37895
source/project/PNG-2PCF-model-to-observe/codes/task432/__pycache__/task432_joint_b1_cause_tests.cpython-312.pyc	20903
source/project/PNG-2PCF-model-to-observe/codes/task432/__pycache__/task432_joint_b1_common_theory.cpython-312.pyc	17402
source/project/PNG-2PCF-model-to-observe/codes/task432/__pycache__/task432_joint_b1_contract_audit.cpython-312.pyc	8625
source/project/PNG-2PCF-model-to-observe/codes/task432/__pycache__/task432_joint_b1_diagnostics.cpython-312.pyc	38402
source/project/PNG-2PCF-model-to-observe/codes/task432/__pycache__/task432_joint_b1_operators.cpython-312.pyc	13049
source/project/PNG-2PCF-model-to-observe/codes/task432/__pycache__/task432_joint_b1_refine.cpython-312.pyc	8072
source/project/PNG-2PCF-model-to-observe/codes/task432/__pycache__/task432_lightcone_no_bao_2pcf.cpython-312.pyc	18439
source/project/PNG-2PCF-model-to-observe/codes/task432/__pycache__/task432_lightcone_original_kmax08_longchain.cpython-312.pyc	4009
source/project/PNG-2PCF-model-to-observe/codes/task432/__pycache__/task432_lightcone_png_velocileptors.cpython-312.pyc	15683
source/project/PNG-2PCF-model-to-observe/codes/task432/__pycache__/task432_lightcone_png_velocileptors_emulated_longchain.cpython-312.pyc	20748
source/project/PNG-2PCF-model-to-observe/codes/task432/__pycache__/task432_lightcone_png_velocileptors_longchain.cpython-312.pyc	17637
source/project/PNG-2PCF-model-to-observe/codes/task432/__pycache__/task432_lightcone_png_velocileptors_mcmc.cpython-312.pyc	11788
source/project/PNG-2PCF-model-to-observe/codes/task432/__pycache__/task432_linear_gsm_contours.cpython-312.pyc	24109
source/project/PNG-2PCF-model-to-observe/codes/task432/__pycache__/task432_linear_gsm_rawbox.cpython-312.pyc	43424
source/project/PNG-2PCF-model-to-observe/codes/task432/__pycache__/task432_plot_9.22style_allparams.cpython-312.pyc	14686
source/project/PNG-2PCF-model-to-observe/codes/task432/__pycache__/task432_plot_joint_b1_diagnostics.cpython-312.pyc	36638
source/project/PNG-2PCF-model-to-observe/codes/task432/__pycache__/task432_png_velocileptors_gsm.cpython-312.pyc	15634
source/project/PNG-2PCF-model-to-observe/codes/task432/__pycache__/task432_png_velocileptors_gsm_mcmc.cpython-312.pyc	15299
source/project/PNG-2PCF-model-to-observe/codes/task432/__pycache__/task432_rsd_model_audit.cpython-312.pyc	19033
source/project/PNG-2PCF-model-to-observe/codes/task432/__pycache__/task432_scale_bao.cpython-312.pyc	24462
source/project/PNG-2PCF-model-to-observe/codes/task432/__pycache__/task432_scale_deliver.cpython-312.pyc	29244
source/project/PNG-2PCF-model-to-observe/codes/task432/__pycache__/task432_scale_dependent_fog_rawbox.cpython-312.pyc	21562
source/project/PNG-2PCF-model-to-observe/codes/task432/__pycache__/task432_scale_diagnostics.cpython-312.pyc	9119
source/project/PNG-2PCF-model-to-observe/codes/task432/__pycache__/task432_scale_finalize.cpython-312.pyc	13606
source/project/PNG-2PCF-model-to-observe/codes/task432/__pycache__/task432_scale_numerics.cpython-312.pyc	13710
source/project/PNG-2PCF-model-to-observe/codes/task432/__pycache__/task432_scale_selection.cpython-312.pyc	24388
source/project/PNG-2PCF-model-to-observe/codes/task432/__pycache__/task432_shot_estimator_contact.cpython-312.pyc	6816
source/project/PNG-2PCF-model-to-observe/codes/task432/__pycache__/task432_split_sigma_lightcone.cpython-312.pyc	15638
source/project/PNG-2PCF-model-to-observe/codes/task432/__pycache__/task432_split_sigma_rawbox.cpython-312.pyc	33267
source/project/PNG-2PCF-model-to-observe/codes/task432/__pycache__/task432_velocileptors_gsm_crosscheck.cpython-312.pyc	14766
source/project/PNG-2PCF-model-to-observe/codes/task432/__pycache__/task432_window_cause_analysis.cpython-312.pyc	7064
source/project/PNG-2PCF-model-to-observe/codes/task432/__pycache__/window_drift_quick.cpython-312.pyc	2494
source/project/PNG-2PCF-model-to-observe/codes/task432/run_task432_fkp_ric.sh	1499
source/project/PNG-2PCF-model-to-observe/codes/task432/task432_2pcf_rsd_contours.py	16161
source/project/PNG-2PCF-model-to-observe/codes/task432/task432_cause_report.py	12519
source/project/PNG-2PCF-model-to-observe/codes/task432/task432_contract.py	6544
source/project/PNG-2PCF-model-to-observe/codes/task432/task432_finalize_cause_bundle.py	9752
source/project/PNG-2PCF-model-to-observe/codes/task432/task432_finalize_joint_b1_diagnostics.py	3708
source/project/PNG-2PCF-model-to-observe/codes/task432/task432_first_order_streaming_rawbox.py	9713
source/project/PNG-2PCF-model-to-observe/codes/task432/task432_fkp_analyze.py	7826
source/project/PNG-2PCF-model-to-observe/codes/task432/task432_fkp_conditional_modes.py	7197
source/project/PNG-2PCF-model-to-observe/codes/task432/task432_fkp_finalize.py	6902
source/project/PNG-2PCF-model-to-observe/codes/task432/task432_fkp_inventory.py	3138
source/project/PNG-2PCF-model-to-observe/codes/task432/task432_fkp_paired.py	9792
source/project/PNG-2PCF-model-to-observe/codes/task432/task432_fkp_postflight.py	7063
source/project/PNG-2PCF-model-to-observe/codes/task432/task432_fkp_ric_response.py	8193
source/project/PNG-2PCF-model-to-observe/codes/task432/task432_full_ric_backend.py	11895
source/project/PNG-2PCF-model-to-observe/codes/task432/task432_full_ric_bootstrap_shot.py	5508
source/project/PNG-2PCF-model-to-observe/codes/task432/task432_full_ric_compile.py	11106
source/project/PNG-2PCF-model-to-observe/codes/task432/task432_full_ric_deliver.py	15577
source/project/PNG-2PCF-model-to-observe/codes/task432/task432_full_ric_finish.py	3795
source/project/PNG-2PCF-model-to-observe/codes/task432/task432_full_ric_fit.py	7088
source/project/PNG-2PCF-model-to-observe/codes/task432/task432_full_ric_geometry.py	9985
source/project/PNG-2PCF-model-to-observe/codes/task432/task432_full_ric_hybrid_grid.py	5071
source/project/PNG-2PCF-model-to-observe/codes/task432/task432_full_ric_los_audit.py	8813
source/project/PNG-2PCF-model-to-observe/codes/task432/task432_full_ric_numeric_audit.py	2797
source/project/PNG-2PCF-model-to-observe/codes/task432/task432_full_ric_package.py	9011
source/project/PNG-2PCF-model-to-observe/codes/task432/task432_full_ric_pair_checks.py	7096
source/project/PNG-2PCF-model-to-observe/codes/task432/task432_full_ric_paired_analysis.py	4772
source/project/PNG-2PCF-model-to-observe/codes/task432/task432_full_ric_paired.py	12220
source/project/PNG-2PCF-model-to-observe/codes/task432/task432_full_ric_pilot.py	7550
source/project/PNG-2PCF-model-to-observe/codes/task432/task432_full_ric_postflight.py	7845
source/project/PNG-2PCF-model-to-observe/codes/task432/task432_full_ric_qmc.py	5698
source/project/PNG-2PCF-model-to-observe/codes/task432/task432_full_ric_reference.py	9007
source/project/PNG-2PCF-model-to-observe/codes/task432/task432_full_ric_refinement.py	3234
source/project/PNG-2PCF-model-to-observe/codes/task432/task432_full_ric_response.py	10430
source/project/PNG-2PCF-model-to-observe/codes/task432/task432_full_ric_rr_audit.py	4274
source/project/PNG-2PCF-model-to-observe/codes/task432/task432_full_ric_shot.py	7832
source/project/PNG-2PCF-model-to-observe/codes/task432/task432_full_ric_stochastic_audit.py	3286
source/project/PNG-2PCF-model-to-observe/codes/task432/task432_full_ric_validation.py	9071
source/project/PNG-2PCF-model-to-observe/codes/task432/task432_gsm_kaiser_limit_audit.py	13994
source/project/PNG-2PCF-model-to-observe/codes/task432/task432_hybrid_0918_postflight.py	4193
source/project/PNG-2PCF-model-to-observe/codes/task432/task432_hybrid_ezmock_0918_contract.py	11344
source/project/PNG-2PCF-model-to-observe/codes/task432/task432_hybrid_gic_0918_contract.py	23244
source/project/PNG-2PCF-model-to-observe/codes/task432/task432_hybrid_gic.py	8098
source/project/PNG-2PCF-model-to-observe/codes/task432/task432_hybrid_jaxpower_0918_contract.py	19950
source/project/PNG-2PCF-model-to-observe/codes/task432/task432_interim_findings.md	21344
source/project/PNG-2PCF-model-to-observe/codes/task432/task432_joint_b1_cause_tests.py	9287
source/project/PNG-2PCF-model-to-observe/codes/task432/task432_joint_b1_common_theory.py	7875
source/project/PNG-2PCF-model-to-observe/codes/task432/task432_joint_b1_contract_audit.py	4008
source/project/PNG-2PCF-model-to-observe/codes/task432/task432_joint_b1_diagnostics.py	17965
source/project/PNG-2PCF-model-to-observe/codes/task432/task432_joint_b1_operators.py	6030
source/project/PNG-2PCF-model-to-observe/codes/task432/task432_joint_b1_refine.py	3681
source/project/PNG-2PCF-model-to-observe/codes/task432/task432_lightcone_no_bao_2pcf.py	9315
source/project/PNG-2PCF-model-to-observe/codes/task432/task432_lightcone_original_kmax08_longchain.py	2800
source/project/PNG-2PCF-model-to-observe/codes/task432/task432_lightcone_png_velocileptors_emulated_longchain.py	11307
source/project/PNG-2PCF-model-to-observe/codes/task432/task432_lightcone_png_velocileptors_longchain.py	9906
source/project/PNG-2PCF-model-to-observe/codes/task432/task432_lightcone_png_velocileptors_mcmc.py	6866
source/project/PNG-2PCF-model-to-observe/codes/task432/task432_lightcone_png_velocileptors.py	9028
source/project/PNG-2PCF-model-to-observe/codes/task432/task432_linear_gsm_contours.py	16034
source/project/PNG-2PCF-model-to-observe/codes/task432/task432_linear_gsm_rawbox.py	29298
source/project/PNG-2PCF-model-to-observe/codes/task432/task432_plot_9.22style_allparams.py	10881
source/project/PNG-2PCF-model-to-observe/codes/task432/task432_plot_joint_b1_diagnostics.py	19004
source/project/PNG-2PCF-model-to-observe/codes/task432/task432_png_velocileptors_gsm_mcmc.py	9251
source/project/PNG-2PCF-model-to-observe/codes/task432/task432_png_velocileptors_gsm.py	10038
source/project/PNG-2PCF-model-to-observe/codes/task432/task432_rsd_model_audit.py	12858
source/project/PNG-2PCF-model-to-observe/codes/task432/task432_scale_bao.py	12321
source/project/PNG-2PCF-model-to-observe/codes/task432/task432_scale_deliver.py	18149
source/project/PNG-2PCF-model-to-observe/codes/task432/task432_scale_dependent_fog_rawbox.py	13904
source/project/PNG-2PCF-model-to-observe/codes/task432/task432_scale_diagnostics.py	5017
source/project/PNG-2PCF-model-to-observe/codes/task432/task432_scale_finalize.py	8279
source/project/PNG-2PCF-model-to-observe/codes/task432/task432_scale_numerics.py	6446
source/project/PNG-2PCF-model-to-observe/codes/task432/task432_scale_selection.py	12451
source/project/PNG-2PCF-model-to-observe/codes/task432/task432_shot_estimator_contact.py	3226
source/project/PNG-2PCF-model-to-observe/codes/task432/task432_split_sigma_lightcone.py	10868
source/project/PNG-2PCF-model-to-observe/codes/task432/task432_split_sigma_rawbox.py	22610
source/project/PNG-2PCF-model-to-observe/codes/task432/task432_velocileptors_gsm_crosscheck.py	10044
source/project/PNG-2PCF-model-to-observe/codes/task432/task432_window_cause_analysis.py	3479
source/project/PNG-2PCF-model-to-observe/codes/task432/window_drift_quick.py	918
source/project/PNG-2PCF-model-to-observe/codes/task43/__pycache__/task43_analyze_ezmock_rsd_rawbox_density_probe.cpython-312.pyc	15643
source/project/PNG-2PCF-model-to-observe/codes/task43/__pycache__/task43_analyze_ezmock_rsd_rawbox_param_scan.cpython-312.pyc	23706
source/project/PNG-2PCF-model-to-observe/codes/task43/__pycache__/task43_apply_rr_smu_deconvolution_to_covariance.cpython-312.pyc	25243
source/project/PNG-2PCF-model-to-observe/codes/task43/__pycache__/task43_audit_ezmock_common_random.cpython-312.pyc	7788
source/project/PNG-2PCF-model-to-observe/codes/task43/__pycache__/task43_audit_ezmock_covariance_abundance.cpython-312.pyc	3048
source/project/PNG-2PCF-model-to-observe/codes/task43/__pycache__/task43_audit_ezmock_covariance_environment.cpython-312.pyc	3850
source/project/PNG-2PCF-model-to-observe/codes/task43/__pycache__/task43_audit_pngbase_c302_fnl100_covariance.cpython-312.pyc	9165
source/project/PNG-2PCF-model-to-observe/codes/task43/__pycache__/task43_audit_pngbase_pseudolc_experiment.cpython-312.pyc	10889
source/project/PNG-2PCF-model-to-observe/codes/task43/__pycache__/task43_audit_rmax_scan_hygiene.cpython-312.pyc	51702
source/project/PNG-2PCF-model-to-observe/codes/task43/__pycache__/task43_audit_rmax_scan_measurements.cpython-312.pyc	35262
source/project/PNG-2PCF-model-to-observe/codes/task43/__pycache__/task43_audit_rmin_scan_covariance.cpython-312.pyc	14739
source/project/PNG-2PCF-model-to-observe/codes/task43/__pycache__/task43_audit_rmin_scan_hygiene.cpython-312.pyc	14746
source/project/PNG-2PCF-model-to-observe/codes/task43/__pycache__/task43_audit_rmin_scan_measurements.cpython-312.pyc	13283
source/project/PNG-2PCF-model-to-observe/codes/task43/__pycache__/task43_audit_rsd_lightcone_pk0_vs_xi0.cpython-312.pyc	12528
source/project/PNG-2PCF-model-to-observe/codes/task43/__pycache__/task43_audit_rsd_rawbox_x25_failure.cpython-312.pyc	17448
source/project/PNG-2PCF-model-to-observe/codes/task43/__pycache__/task43_audit_rsd_wide_lightcone_final.cpython-312.pyc	16689
source/project/PNG-2PCF-model-to-observe/codes/task43/__pycache__/task43_audit_rsd_wide_lightcone_upstream.cpython-312.pyc	15988
source/project/PNG-2PCF-model-to-observe/codes/task43/__pycache__/task43_audit_validation_common50_xi_ab.cpython-312.pyc	5411
source/project/PNG-2PCF-model-to-observe/codes/task43/__pycache__/task43_average_rsd_formal_gic_windows.cpython-312.pyc	6287
source/project/PNG-2PCF-model-to-observe/codes/task43/__pycache__/task43_benchmark_fcfc_common50_split.cpython-312.pyc	10608
source/project/PNG-2PCF-model-to-observe/codes/task43/__pycache__/task43_build_ezmock_common_random.cpython-312.pyc	10210
source/project/PNG-2PCF-model-to-observe/codes/task43/__pycache__/task43_build_ezmock_common_rr_fcfc.cpython-312.pyc	9443
source/project/PNG-2PCF-model-to-observe/codes/task43/__pycache__/task43_build_ezmock_covariance_lightcone.cpython-312.pyc	16540
source/project/PNG-2PCF-model-to-observe/codes/task43/__pycache__/task43_build_ezmock_lightcone.cpython-312.pyc	17191
source/project/PNG-2PCF-model-to-observe/codes/task43/__pycache__/task43_build_ezmock_rawbox_catalog.cpython-312.pyc	9785
source/project/PNG-2PCF-model-to-observe/codes/task43/__pycache__/task43_build_ezmock_rsd_common_random.cpython-312.pyc	10827
source/project/PNG-2PCF-model-to-observe/codes/task43/__pycache__/task43_build_ezmock_rsd_common_rr_fcfc.cpython-312.pyc	9382
source/project/PNG-2PCF-model-to-observe/codes/task43/__pycache__/task43_build_ezmock_rsd_common_rr_smu_fcfc.cpython-312.pyc	8945
source/project/PNG-2PCF-model-to-observe/codes/task43/__pycache__/task43_build_ezmock_rsd_lightcone.cpython-312.pyc	17767
source/project/PNG-2PCF-model-to-observe/codes/task43/__pycache__/task43_build_formal_gic_window.cpython-312.pyc	5619
source/project/PNG-2PCF-model-to-observe/codes/task43/__pycache__/task43_build_halo_catalog.cpython-312.pyc	22425
source/project/PNG-2PCF-model-to-observe/codes/task43/__pycache__/task43_build_interim_ezmock_covariance_x61.cpython-312.pyc	15531
source/project/PNG-2PCF-model-to-observe/codes/task43/__pycache__/task43_build_pngbase_c302_fnl100_covariance.cpython-312.pyc	32126
source/project/PNG-2PCF-model-to-observe/codes/task43/__pycache__/task43_build_pngbase_pseudolc_catalog.cpython-312.pyc	20947
source/project/PNG-2PCF-model-to-observe/codes/task43/__pycache__/task43_build_randoms.cpython-312.pyc	13356
source/project/PNG-2PCF-model-to-observe/codes/task43/__pycache__/task43_build_rascalc_kmin_xi.cpython-312.pyc	21637
source/project/PNG-2PCF-model-to-observe/codes/task43/__pycache__/task43_build_real_joint_cov_s30_v1.cpython-312.pyc	15744
source/project/PNG-2PCF-model-to-observe/codes/task43/__pycache__/task43_build_ric_factorized_kernel_boxsafe.cpython-312.pyc	9329
source/project/PNG-2PCF-model-to-observe/codes/task43/__pycache__/task43_build_ric_factorized_kernel.cpython-312.pyc	11537
source/project/PNG-2PCF-model-to-observe/codes/task43/__pycache__/task43_build_rmax_scan_rr_smu.cpython-312.pyc	16107
source/project/PNG-2PCF-model-to-observe/codes/task43/__pycache__/task43_build_rsd_boxsafe_catalogs.cpython-312.pyc	15453
source/project/PNG-2PCF-model-to-observe/codes/task43/__pycache__/task43_build_rsd_formal_gic_window.cpython-312.pyc	7882
source/project/PNG-2PCF-model-to-observe/codes/task43/__pycache__/task43_build_rsd_lightcone_catalog.cpython-312.pyc	30972
source/project/PNG-2PCF-model-to-observe/codes/task43/__pycache__/task43_build_rsd_lightcone_random.cpython-312.pyc	19716
source/project/PNG-2PCF-model-to-observe/codes/task43/__pycache__/task43_build_rsd_rawbox_catalog.cpython-312.pyc	13313
source/project/PNG-2PCF-model-to-observe/codes/task43/__pycache__/task43_calibrate_rascalc_alpha_from_phases.cpython-312.pyc	36011
source/project/PNG-2PCF-model-to-observe/codes/task43/__pycache__/task43_collect_rascalc_kmin_audit.cpython-312.pyc	30421
source/project/PNG-2PCF-model-to-observe/codes/task43/__pycache__/task43_compare_ezmock_rsd_lightcone_pilot_vs_abacus.cpython-312.pyc	32553
source/project/PNG-2PCF-model-to-observe/codes/task43/__pycache__/task43_compare_ezmock_rsd_pdfbase_scan_z0p60.cpython-312.pyc	13232
source/project/PNG-2PCF-model-to-observe/codes/task43/__pycache__/task43_compare_ezmock_rsd_zscan_vs_abacus.cpython-312.pyc	16528
source/project/PNG-2PCF-model-to-observe/codes/task43/__pycache__/task43_compare_pk_kthmin.cpython-312.pyc	25825
source/project/PNG-2PCF-model-to-observe/codes/task43/__pycache__/task43_compare_rascalc_kmin_covariances.cpython-312.pyc	23556
source/project/PNG-2PCF-model-to-observe/codes/task43/__pycache__/task43_compare_rmin_covariance_support.cpython-312.pyc	9114
source/project/PNG-2PCF-model-to-observe/codes/task43/__pycache__/task43_compare_rsd_rr_covariances.cpython-312.pyc	7869
source/project/PNG-2PCF-model-to-observe/codes/task43/__pycache__/task43_config.cpython-312.pyc	4449
source/project/PNG-2PCF-model-to-observe/codes/task43/__pycache__/task43_diagnose_jaxpower_lightcone_covariance.cpython-312.pyc	33368
source/project/PNG-2PCF-model-to-observe/codes/task43/__pycache__/task43_diagnose_joint_b1.cpython-312.pyc	16606
source/project/PNG-2PCF-model-to-observe/codes/task43/__pycache__/task43_embed_lightcone_in_jaxpower.cpython-312.pyc	9399
source/project/PNG-2PCF-model-to-observe/codes/task43/__pycache__/task43_extend_analytic_monopole.cpython-312.pyc	3835
source/project/PNG-2PCF-model-to-observe/codes/task43/__pycache__/task43_extend_monopole.cpython-312.pyc	4336
source/project/PNG-2PCF-model-to-observe/codes/task43/__pycache__/task43_ezmock_covariance_common.cpython-312.pyc	12151
source/project/PNG-2PCF-model-to-observe/codes/task43/__pycache__/task43_ezmock_lightcone_common.cpython-312.pyc	10084
source/project/PNG-2PCF-model-to-observe/codes/task43/__pycache__/task43_ezmock_rsd_covariance_common.cpython-312.pyc	9516
source/project/PNG-2PCF-model-to-observe/codes/task43/__pycache__/task43_ezmock_rsd_manual_tuning.cpython-312.pyc	28166
source/project/PNG-2PCF-model-to-observe/codes/task43/__pycache__/task43_ezmock_rsd_manual_tuning_replay_figure.cpython-312.pyc	18690
source/project/PNG-2PCF-model-to-observe/codes/task43/__pycache__/task43_finalize_398_reuse.cpython-312.pyc	9475
source/project/PNG-2PCF-model-to-observe/codes/task43/__pycache__/task43_finalize_ezmock_covariance.cpython-312.pyc	47250
source/project/PNG-2PCF-model-to-observe/codes/task43/__pycache__/task43_finalize_rsd_validation.cpython-312.pyc	15864
source/project/PNG-2PCF-model-to-observe/codes/task43/__pycache__/task43_finite_mock_corrections.cpython-312.pyc	2469
source/project/PNG-2PCF-model-to-observe/codes/task43/__pycache__/task43_fit_ezmock_mean_test.cpython-312.pyc	5411
source/project/PNG-2PCF-model-to-observe/codes/task43/__pycache__/task43_fit_minimal_closure.cpython-312.pyc	57772
source/project/PNG-2PCF-model-to-observe/codes/task43/__pycache__/task43_fit_pk_lightcone.cpython-312.pyc	39606
source/project/PNG-2PCF-model-to-observe/codes/task43/__pycache__/task43_fit_rsd_lightcone_pk0_vs_xi0_smin50.cpython-312.pyc	43998
source/project/PNG-2PCF-model-to-observe/codes/task43/__pycache__/task43_fit_rsd_lightcone_x25.cpython-312.pyc	66258
source/project/PNG-2PCF-model-to-observe/codes/task43/__pycache__/task43_fit_rsd_rawbox_pilot.cpython-312.pyc	20135
source/project/PNG-2PCF-model-to-observe/codes/task43/__pycache__/task43_fit_rsd_rawbox_pk0_vs_xi0_smin50.cpython-312.pyc	50296
source/project/PNG-2PCF-model-to-observe/codes/task43/__pycache__/task43_fit_rsd_rawbox_x25.cpython-312.pyc	50477
source/project/PNG-2PCF-model-to-observe/codes/task43/__pycache__/task43_fit_rsd_wide_lightcone_xi0_smin50.cpython-312.pyc	28428
source/project/PNG-2PCF-model-to-observe/codes/task43/__pycache__/task43_fixed_sn0_mcmc.cpython-312.pyc	11236
source/project/PNG-2PCF-model-to-observe/codes/task43/__pycache__/task43_fixed_sn0_p02_mcmc.cpython-312.pyc	9515
source/project/PNG-2PCF-model-to-observe/codes/task43/__pycache__/task43_fixed_sn0_verified.cpython-312.pyc	14533
source/project/PNG-2PCF-model-to-observe/codes/task43/__pycache__/task43_fkp_zeff.cpython-312.pyc	19326
source/project/PNG-2PCF-model-to-observe/codes/task43/__pycache__/task43_joint_pkxi_build_cov.cpython-312.pyc	32818
source/project/PNG-2PCF-model-to-observe/codes/task43/__pycache__/task43_joint_pkxi_fit.cpython-312.pyc	34402
source/project/PNG-2PCF-model-to-observe/codes/task43/__pycache__/task43_joint_rsd_pkxi_build_cov.cpython-312.pyc	15099
source/project/PNG-2PCF-model-to-observe/codes/task43/__pycache__/task43_joint_rsd_pkxi_fit.cpython-312.pyc	29587
source/project/PNG-2PCF-model-to-observe/codes/task43/__pycache__/task43_l0only_joint_sn0wide_verified.cpython-312.pyc	9818
source/project/PNG-2PCF-model-to-observe/codes/task43/__pycache__/task43_l0only_mcmc_verified.cpython-312.pyc	11892
source/project/PNG-2PCF-model-to-observe/codes/task43/__pycache__/task43_lightcone_free_growth_test.cpython-312.pyc	37326
source/project/PNG-2PCF-model-to-observe/codes/task43/__pycache__/task43_make_ezmock_abacus_c000_linear_pk.cpython-312.pyc	6731
source/project/PNG-2PCF-model-to-observe/codes/task43/__pycache__/task43_make_ezmock_covariance_manifest.cpython-312.pyc	7483
source/project/PNG-2PCF-model-to-observe/codes/task43/__pycache__/task43_make_ezmock_lightcone_manifest.cpython-312.pyc	5710
source/project/PNG-2PCF-model-to-observe/codes/task43/__pycache__/task43_make_ezmock_rsd_covariance_manifest.cpython-312.pyc	6410
source/project/PNG-2PCF-model-to-observe/codes/task43/__pycache__/task43_make_ezmock_rsd_fixampT_pilot_manifest.cpython-312.pyc	8555
source/project/PNG-2PCF-model-to-observe/codes/task43/__pycache__/task43_make_ezmock_rsd_production_manifest.cpython-312.pyc	9079
source/project/PNG-2PCF-model-to-observe/codes/task43/__pycache__/task43_make_jaxpower_lightcone_covariance.cpython-312.pyc	25471
source/project/PNG-2PCF-model-to-observe/codes/task43/__pycache__/task43_make_manifest.cpython-312.pyc	7384
source/project/PNG-2PCF-model-to-observe/codes/task43/__pycache__/task43_make_pk_covariance_jaxpower.cpython-312.pyc	19304
source/project/PNG-2PCF-model-to-observe/codes/task43/__pycache__/task43_make_pngbase_pseudolc_manifests.cpython-312.pyc	5227
source/project/PNG-2PCF-model-to-observe/codes/task43/__pycache__/task43_make_rawbox_z0p725_mmin1p3e13_gaussian_covariance.cpython-312.pyc	2973
source/project/PNG-2PCF-model-to-observe/codes/task43/__pycache__/task43_make_ric_factorized_operator_boxsafe.cpython-312.pyc	16817
source/project/PNG-2PCF-model-to-observe/codes/task43/__pycache__/task43_make_ric_factorized_operator.cpython-312.pyc	32558
source/project/PNG-2PCF-model-to-observe/codes/task43/__pycache__/task43_make_rmax_scan_manifest.cpython-312.pyc	6857
source/project/PNG-2PCF-model-to-observe/codes/task43/__pycache__/task43_make_rmin_scan_manifest.cpython-312.pyc	8489
source/project/PNG-2PCF-model-to-observe/codes/task43/__pycache__/task43_make_rmin_scan_subset_manifest.cpython-312.pyc	7867
source/project/PNG-2PCF-model-to-observe/codes/task43/__pycache__/task43_make_rsd_lightcone_pk0_covariance_jaxpower.cpython-312.pyc	24512
source/project/PNG-2PCF-model-to-observe/codes/task43/__pycache__/task43_make_rsd_manifest.cpython-312.pyc	8315
source/project/PNG-2PCF-model-to-observe/codes/task43/__pycache__/task43_make_rsd_wide_lightcone_manifest.cpython-312.pyc	9326
source/project/PNG-2PCF-model-to-observe/codes/task43/__pycache__/task43_measure_ezmock_covariance_pk_jaxpower.cpython-312.pyc	19892
source/project/PNG-2PCF-model-to-observe/codes/task43/__pycache__/task43_measure_ezmock_covariance_xi_fcfc.cpython-312.pyc	21352
source/project/PNG-2PCF-model-to-observe/codes/task43/__pycache__/task43_measure_ezmock_rawbox_pk_jaxpower.cpython-312.pyc	8883
source/project/PNG-2PCF-model-to-observe/codes/task43/__pycache__/task43_measure_ezmock_rawbox_xi_fcfc.cpython-312.pyc	8568
source/project/PNG-2PCF-model-to-observe/codes/task43/__pycache__/task43_measure_ezmock_rsd_lightcone_p02.cpython-312.pyc	18554
source/project/PNG-2PCF-model-to-observe/codes/task43/__pycache__/task43_measure_ezmock_rsd_lightcone_xi_fcfc.cpython-312.pyc	25335
source/project/PNG-2PCF-model-to-observe/codes/task43/__pycache__/task43_measure_ezmock_rsd_p02_jaxpower.cpython-312.pyc	10827
source/project/PNG-2PCF-model-to-observe/codes/task43/__pycache__/task43_measure_ezmock_trial_pk_jaxpower.cpython-312.pyc	9475
source/project/PNG-2PCF-model-to-observe/codes/task43/__pycache__/task43_measure_lightcone_xi_fcfc.cpython-312.pyc	22430
source/project/PNG-2PCF-model-to-observe/codes/task43/__pycache__/task43_measure_pk_jaxpower.cpython-312.pyc	13548
source/project/PNG-2PCF-model-to-observe/codes/task43/__pycache__/task43_measure_pngbase_pseudolc_xi_pycorr.cpython-312.pyc	14190
source/project/PNG-2PCF-model-to-observe/codes/task43/__pycache__/task43_measure_rawbox_pair_moments_v2.cpython-312.pyc	35458
source/project/PNG-2PCF-model-to-observe/codes/task43/__pycache__/task43_measure_rsd_lightcone_p02_jaxpower.cpython-312.pyc	15662
source/project/PNG-2PCF-model-to-observe/codes/task43/__pycache__/task43_measure_rsd_lightcone_pk0_jaxpower.cpython-312.pyc	19344
source/project/PNG-2PCF-model-to-observe/codes/task43/__pycache__/task43_measure_rsd_lightcone_xi.cpython-312.pyc	17593
source/project/PNG-2PCF-model-to-observe/codes/task43/__pycache__/task43_measure_rsd_rawbox_p02_jaxpower.cpython-312.pyc	15142
source/project/PNG-2PCF-model-to-observe/codes/task43/__pycache__/task43_measure_rsd_rawbox_pk0_jaxpower.cpython-312.pyc	17903
source/project/PNG-2PCF-model-to-observe/codes/task43/__pycache__/task43_measure_rsd_rawbox_xi_fcfc.cpython-312.pyc	21607
source/project/PNG-2PCF-model-to-observe/codes/task43/__pycache__/task43_measure_validation_common50_xi_fcfc.cpython-312.pyc	10569
source/project/PNG-2PCF-model-to-observe/codes/task43/__pycache__/task43_measure_xi_cucount.cpython-312.pyc	15216
source/project/PNG-2PCF-model-to-observe/codes/task43/__pycache__/task43_overlay_pk_window_kmin_contour.cpython-312.pyc	26795
source/project/PNG-2PCF-model-to-observe/codes/task43/__pycache__/task43_pair_moment_smoothing.cpython-312.pyc	9005
source/project/PNG-2PCF-model-to-observe/codes/task43/__pycache__/task43_pk_common.cpython-312.pyc	18483
source/project/PNG-2PCF-model-to-observe/codes/task43/__pycache__/task43_plot_abacus_lightcone_geometry.cpython-312.pyc	12477
source/project/PNG-2PCF-model-to-observe/codes/task43/__pycache__/task43_plot_all_fixed_sn0_9_18style.cpython-312.pyc	12180
source/project/PNG-2PCF-model-to-observe/codes/task43/__pycache__/task43_plot_all_fixed_sn0_allparams.cpython-312.pyc	14538
source/project/PNG-2PCF-model-to-observe/codes/task43/__pycache__/task43_plot_ezmock506_covariance_mcmc_vs_jaxpower.cpython-312.pyc	14262
source/project/PNG-2PCF-model-to-observe/codes/task43/__pycache__/task43_plot_ezmock_covariance_mcmc_vs_jaxpower_allparams.cpython-312.pyc	18029
source/project/PNG-2PCF-model-to-observe/codes/task43/__pycache__/task43_plot_ezmock_lightcone_interim_x7.cpython-312.pyc	24253
source/project/PNG-2PCF-model-to-observe/codes/task43/__pycache__/task43_plot_ezmock_rawbox_mean_clustering.cpython-312.pyc	14661
source/project/PNG-2PCF-model-to-observe/codes/task43/__pycache__/task43_plot_fixed_sn0_9_18style.cpython-312.pyc	12401
source/project/PNG-2PCF-model-to-observe/codes/task43/__pycache__/task43_plot_interim_ezmock_covariance_pk_vs_2pcf.cpython-312.pyc	16260
source/project/PNG-2PCF-model-to-observe/codes/task43/__pycache__/task43_plot_joint_contours_generic.cpython-312.pyc	9156
source/project/PNG-2PCF-model-to-observe/codes/task43/__pycache__/task43_plot_joint_pk_xi_contours.cpython-312.pyc	14584
source/project/PNG-2PCF-model-to-observe/codes/task43/__pycache__/task43_plot_joint_rsd_pkxi_contours.cpython-312.pyc	10870
source/project/PNG-2PCF-model-to-observe/codes/task43/__pycache__/task43_plot_joint_split_sigma_9_18style.cpython-312.pyc	15428
source/project/PNG-2PCF-model-to-observe/codes/task43/__pycache__/task43_plot_l0only_allparams.cpython-312.pyc	11277
source/project/PNG-2PCF-model-to-observe/codes/task43/__pycache__/task43_plot_l0only_sn0wide.cpython-312.pyc	11847
source/project/PNG-2PCF-model-to-observe/codes/task43/__pycache__/task43_plot_lightcone_fnl_b1_contour.cpython-312.pyc	16798
source/project/PNG-2PCF-model-to-observe/codes/task43/__pycache__/task43_plot_lightcone_free_growth_test.cpython-312.pyc	27660
source/project/PNG-2PCF-model-to-observe/codes/task43/__pycache__/task43_plot_lightcone_joint_baomask_v1.cpython-312.pyc	22793
source/project/PNG-2PCF-model-to-observe/codes/task43/__pycache__/task43_plot_lightcone_smin40_contours_v1.cpython-312.pyc	7912
source/project/PNG-2PCF-model-to-observe/codes/task43/__pycache__/task43_plot_lightcone_smin40_vs50_v1.cpython-312.pyc	19934
source/project/PNG-2PCF-model-to-observe/codes/task43/__pycache__/task43_plot_measurement_vs_ezmock_loglog.cpython-312.pyc	16024
source/project/PNG-2PCF-model-to-observe/codes/task43/__pycache__/task43_plot_notebook_manual_seed439961.cpython-312.pyc	5169
source/project/PNG-2PCF-model-to-observe/codes/task43/__pycache__/task43_plot_p02_fix_diagnosis.cpython-312.pyc	8301
source/project/PNG-2PCF-model-to-observe/codes/task43/__pycache__/task43_plot_p02_kminscan_contours.cpython-312.pyc	8830
source/project/PNG-2PCF-model-to-observe/codes/task43/__pycache__/task43_plot_p02xi02_joint_contours.cpython-312.pyc	8653
source/project/PNG-2PCF-model-to-observe/codes/task43/__pycache__/task43_plot_pk_covariance_correlation.cpython-312.pyc	11398
source/project/PNG-2PCF-model-to-observe/codes/task43/__pycache__/task43_plot_pngbase_paired_response.cpython-312.pyc	15535
source/project/PNG-2PCF-model-to-observe/codes/task43/__pycache__/task43_plot_pngbase_pseudolc_joint.cpython-312.pyc	2167
source/project/PNG-2PCF-model-to-observe/codes/task43/__pycache__/task43_plot_rawbox_joint_baomask_v1.cpython-312.pyc	24596
source/project/PNG-2PCF-model-to-observe/codes/task43/__pycache__/task43_plot_rawbox_x10_ezmock_vs_abacus.cpython-312.pyc	7946
source/project/PNG-2PCF-model-to-observe/codes/task43/__pycache__/task43_plot_realspace_check.cpython-312.pyc	8172
source/project/PNG-2PCF-model-to-observe/codes/task43/__pycache__/task43_plot_realspace_pk_check.cpython-312.pyc	7967
source/project/PNG-2PCF-model-to-observe/codes/task43/__pycache__/task43_plot_ric_covariance_pair_longchain.cpython-312.pyc	18114
source/project/PNG-2PCF-model-to-observe/codes/task43/__pycache__/task43_plot_ric_jaxpower_pk_vs_2pcf_smax550.cpython-312.pyc	27002
source/project/PNG-2PCF-model-to-observe/codes/task43/__pycache__/task43_plot_ric_rascalc_pk_vs_2pcf.cpython-312.pyc	19299
source/project/PNG-2PCF-model-to-observe/codes/task43/__pycache__/task43_plot_ric_singleterm.cpython-312.pyc	21666
source/project/PNG-2PCF-model-to-observe/codes/task43/__pycache__/task43_plot_rmax_scan_fnl_b1_contours.cpython-312.pyc	27463
source/project/PNG-2PCF-model-to-observe/codes/task43/__pycache__/task43_plot_rmin_scan_preliminary_x12_pk_contours.cpython-312.pyc	27897
source/project/PNG-2PCF-model-to-observe/codes/task43/__pycache__/task43_plot_rsd_lightcone_vs_rawbox_xi0_mean.cpython-312.pyc	15282
source/project/PNG-2PCF-model-to-observe/codes/task43/__pycache__/task43_plot_rsd_quadrupole_increment.cpython-312.pyc	21023
source/project/PNG-2PCF-model-to-observe/codes/task43/__pycache__/task43_plot_rsd_rawbox_pk0_vs_xi0_contours.cpython-312.pyc	14459
source/project/PNG-2PCF-model-to-observe/codes/task43/__pycache__/task43_plot_rsd_wide_narrow_rawbox_monopoles.cpython-312.pyc	16690
source/project/PNG-2PCF-model-to-observe/codes/task43/__pycache__/task43_plot_smax200_curves.cpython-312.pyc	7107
source/project/PNG-2PCF-model-to-observe/codes/task43/__pycache__/task43_plot_smax200_only.cpython-312.pyc	5307
source/project/PNG-2PCF-model-to-observe/codes/task43/__pycache__/task43_plot_split_sigma_fixed_sn0_allparams.cpython-312.pyc	12374
source/project/PNG-2PCF-model-to-observe/codes/task43/__pycache__/task43_plot_w2_convergence.cpython-312.pyc	5653
source/project/PNG-2PCF-model-to-observe/codes/task43/__pycache__/task43_plot_xi02_perpole_bestfits.cpython-312.pyc	10027
source/project/PNG-2PCF-model-to-observe/codes/task43/__pycache__/task43_plot_xi02_perpole_contours.cpython-312.pyc	8414
source/project/PNG-2PCF-model-to-observe/codes/task43/__pycache__/task43_pngbase_pseudolc_common.cpython-312.pyc	5604
source/project/PNG-2PCF-model-to-observe/codes/task43/__pycache__/task43_prepare_ezmock_common_random_hdf5.cpython-312.pyc	8040
source/project/PNG-2PCF-model-to-observe/codes/task43/__pycache__/task43_prepare_ezmock_rsd_common_random_hdf5.cpython-312.pyc	4732
source/project/PNG-2PCF-model-to-observe/codes/task43/__pycache__/task43_prepare_rsd_covariance_inputs.cpython-312.pyc	12400
source/project/PNG-2PCF-model-to-observe/codes/task43/__pycache__/task43_prepare_rsd_lightcone_fkp_views.cpython-312.pyc	8564
source/project/PNG-2PCF-model-to-observe/codes/task43/__pycache__/task43_rawbox_ezmock_common.cpython-312.pyc	9164
source/project/PNG-2PCF-model-to-observe/codes/task43/__pycache__/task43_rawbox_numerics.cpython-312.pyc	24364
source/project/PNG-2PCF-model-to-observe/codes/task43/__pycache__/task43_refine_rawbox_pair_moments_ph000_v3.cpython-312.pyc	15023
source/project/PNG-2PCF-model-to-observe/codes/task43/__pycache__/task43_replot_rawbox_baomask_mcmc_v1.cpython-312.pyc	10427
source/project/PNG-2PCF-model-to-observe/codes/task43/__pycache__/task43_replot_rsd_rawbox_pk0_vs_xi0_l0only.cpython-312.pyc	3924
source/project/PNG-2PCF-model-to-observe/codes/task43/__pycache__/task43_ric_singleterm.cpython-312.pyc	47735
source/project/PNG-2PCF-model-to-observe/codes/task43/__pycache__/task43_rmin_scan_fisher.cpython-312.pyc	26476
source/project/PNG-2PCF-model-to-observe/codes/task43/__pycache__/task43_rsd_boxsafe_build_ell02_products.cpython-312.pyc	12091
source/project/PNG-2PCF-model-to-observe/codes/task43/__pycache__/task43_rsd_boxsafe_ell2_increment.cpython-312.pyc	13985
source/project/PNG-2PCF-model-to-observe/codes/task43/__pycache__/task43_rsd_boxsafe_p02_increment.cpython-312.pyc	27240
source/project/PNG-2PCF-model-to-observe/codes/task43/__pycache__/task43_rsd_boxsafe_p02_kminscan.cpython-312.pyc	14014
source/project/PNG-2PCF-model-to-observe/codes/task43/__pycache__/task43_rsd_boxsafe_p02_ricprobe.cpython-312.pyc	15376
source/project/PNG-2PCF-model-to-observe/codes/task43/__pycache__/task43_rsd_boxsafe_xi02_perpole_smin.cpython-312.pyc	15064
source/project/PNG-2PCF-model-to-observe/codes/task43/__pycache__/task43_rsd_common.cpython-312.pyc	16375
source/project/PNG-2PCF-model-to-observe/codes/task43/__pycache__/task43_rsd_ezmock1000_smax200.cpython-312.pyc	21868
source/project/PNG-2PCF-model-to-observe/codes/task43/__pycache__/task43_rsd_ezmock281_inference.cpython-312.pyc	40206
source/project/PNG-2PCF-model-to-observe/codes/task43/__pycache__/task43_rsd_ezmock281_mcmc_compare.cpython-312.pyc	29961
source/project/PNG-2PCF-model-to-observe/codes/task43/__pycache__/task43_rsd_ezmock426_monopole.cpython-312.pyc	25349
source/project/PNG-2PCF-model-to-observe/codes/task43/__pycache__/task43_rsd_joint_p02xi02_fit.cpython-312.pyc	24504
source/project/PNG-2PCF-model-to-observe/codes/task43/__pycache__/task43_rsd_lightcone_pk0_contract.cpython-312.pyc	5831
source/project/PNG-2PCF-model-to-observe/codes/task43/__pycache__/task43_rsd_model.cpython-312.pyc	13571
source/project/PNG-2PCF-model-to-observe/codes/task43/__pycache__/task43_rsd_preflight.cpython-312.pyc	7852
source/project/PNG-2PCF-model-to-observe/codes/task43/__pycache__/task43_rsd_rawbox_joint_4way.cpython-312.pyc	29268
source/project/PNG-2PCF-model-to-observe/codes/task43/__pycache__/task43_rsd_rawbox_joint_pkxi.cpython-312.pyc	24667
source/project/PNG-2PCF-model-to-observe/codes/task43/__pycache__/task43_rsd_rawbox_realspace_check.cpython-312.pyc	9794
source/project/PNG-2PCF-model-to-observe/codes/task43/__pycache__/task43_rsd_rawbox_realspace_finalmetric_v2.cpython-312.pyc	22445
source/project/PNG-2PCF-model-to-observe/codes/task43/__pycache__/task43_rsd_rawbox_realspace_mcmc.cpython-312.pyc	9979
source/project/PNG-2PCF-model-to-observe/codes/task43/__pycache__/task43_rsd_rawbox_realspace_pk_check.cpython-312.pyc	12585
source/project/PNG-2PCF-model-to-observe/codes/task43/__pycache__/task43_run_empirical_gsm_ph000_v2.cpython-312.pyc	23273
source/project/PNG-2PCF-model-to-observe/codes/task43/__pycache__/task43_run_empirical_gsm_refined_ph000_v3.cpython-312.pyc	16084
source/project/PNG-2PCF-model-to-observe/codes/task43/__pycache__/task43_run_ezmock_covariance_login.cpython-312.pyc	8950
source/project/PNG-2PCF-model-to-observe/codes/task43/__pycache__/task43_run_ezmock_rawbox_trial.cpython-312.pyc	27379
source/project/PNG-2PCF-model-to-observe/codes/task43/__pycache__/task43_run_ezmock_rsd_covariance_login.cpython-312.pyc	6348
source/project/PNG-2PCF-model-to-observe/codes/task43/__pycache__/task43_run_gsm_density_moment_2x2_ph000_v3.cpython-312.pyc	13357
source/project/PNG-2PCF-model-to-observe/codes/task43/__pycache__/task43_run_lightcone_joint_baomask_smin40_v1.cpython-312.pyc	18135
source/project/PNG-2PCF-model-to-observe/codes/task43/__pycache__/task43_run_lightcone_joint_baomask_v1.cpython-312.pyc	52330
source/project/PNG-2PCF-model-to-observe/codes/task43/__pycache__/task43_run_lightcone_joint_vequiv27.cpython-312.pyc	11344
source/project/PNG-2PCF-model-to-observe/codes/task43/__pycache__/task43_run_pngbase_pseudolc_joint.cpython-312.pyc	25586
source/project/PNG-2PCF-model-to-observe/codes/task43/__pycache__/task43_run_rascalc_lightcone_kmin.cpython-312.pyc	34790
source/project/PNG-2PCF-model-to-observe/codes/task43/__pycache__/task43_run_rawbox_baomask_mcmc_v1.cpython-312.pyc	45425
source/project/PNG-2PCF-model-to-observe/codes/task43/__pycache__/task43_run_rawbox_joint_baomask_v1.cpython-312.pyc	56040
source/project/PNG-2PCF-model-to-observe/codes/task43/__pycache__/task43_run_rawbox_monopole_joint_baomask_v1.cpython-312.pyc	18993
source/project/PNG-2PCF-model-to-observe/codes/task43/__pycache__/task43_run_xi_linear_operator_closure_v2.cpython-312.pyc	11114
source/project/PNG-2PCF-model-to-observe/codes/task43/__pycache__/task43_split_sigma_fixed_sn0_verified.cpython-312.pyc	12369
source/project/PNG-2PCF-model-to-observe/codes/task43/__pycache__/task43_split_sigma_mcmc_and_plot.cpython-312.pyc	19400
source/project/PNG-2PCF-model-to-observe/codes/task43/__pycache__/task43_summarize_ezmock_covariance.cpython-312.pyc	66453
source/project/PNG-2PCF-model-to-observe/codes/task43/__pycache__/task43_summarize_ezmock_lightcone_validation.cpython-312.pyc	28640
source/project/PNG-2PCF-model-to-observe/codes/task43/__pycache__/task43_summarize_ezmock_rawbox_clustering.cpython-312.pyc	11175
source/project/PNG-2PCF-model-to-observe/codes/task43/__pycache__/task43_summarize_ezmock_rsd_covariance.cpython-312.pyc	7670
source/project/PNG-2PCF-model-to-observe/codes/task43/__pycache__/task43_summarize_pk_lightcone.cpython-312.pyc	27421
source/project/PNG-2PCF-model-to-observe/codes/task43/__pycache__/task43_summarize_ric_singleterm.cpython-312.pyc	34858
source/project/PNG-2PCF-model-to-observe/codes/task43/__pycache__/task43_summarize_rmax_scan.cpython-312.pyc	70006
source/project/PNG-2PCF-model-to-observe/codes/task43/__pycache__/task43_summarize_rmin_scan.cpython-312.pyc	21506
source/project/PNG-2PCF-model-to-observe/codes/task43/__pycache__/task43_summarize_rsd_lightcone_pilot.cpython-312.pyc	13726
source/project/PNG-2PCF-model-to-observe/codes/task43/__pycache__/task43_summarize_rsd_lightcone_pk0.cpython-312.pyc	19481
source/project/PNG-2PCF-model-to-observe/codes/task43/__pycache__/task43_summarize_rsd_lightcone_x25.cpython-312.pyc	19331
source/project/PNG-2PCF-model-to-observe/codes/task43/__pycache__/task43_summarize_rsd_rawbox_pilot.cpython-312.pyc	13035
source/project/PNG-2PCF-model-to-observe/codes/task43/__pycache__/task43_summarize_rsd_rawbox_x25.cpython-312.pyc	20474
source/project/PNG-2PCF-model-to-observe/codes/task43/__pycache__/task43_summarize_w2_convergence.cpython-312.pyc	11604
source/project/PNG-2PCF-model-to-observe/codes/task43/__pycache__/task43_summarize_xi.cpython-312.pyc	17932
source/project/PNG-2PCF-model-to-observe/codes/task43/__pycache__/task43_test_parameter_sharing.cpython-312.pyc	8825
source/project/PNG-2PCF-model-to-observe/codes/task43/__pycache__/task43_theory_template.cpython-312.pyc	6273
source/project/PNG-2PCF-model-to-observe/codes/task43/__pycache__/task43_xi_gsm.cpython-312.pyc	26845
source/project/PNG-2PCF-model-to-observe/codes/task43/__pycache__/task43_xi_linear_rsd.cpython-312.pyc	17005
source/project/PNG-2PCF-model-to-observe/codes/task43/__pycache__/task43_xi_realspace_ir.cpython-312.pyc	9198
source/project/PNG-2PCF-model-to-observe/codes/task43/__pycache__/test_task43_lightcone_free_growth.cpython-312.pyc	2413
source/project/PNG-2PCF-model-to-observe/codes/task43/__pycache__/test_task43_lightcone_joint_baomask.cpython-312.pyc	2669
source/project/PNG-2PCF-model-to-observe/codes/task43/__pycache__/test_task43_pair_moment_smoothing.cpython-312.pyc	3918
source/project/PNG-2PCF-model-to-observe/codes/task43/__pycache__/test_task43_rawbox_joint_baomask.cpython-312.pyc	4225
source/project/PNG-2PCF-model-to-observe/codes/task43/__pycache__/test_task43_rawbox_numerics.cpython-312.pyc	13921
source/project/PNG-2PCF-model-to-observe/codes/task43/__pycache__/test_task43_rawbox_pair_moments_v2.cpython-312.pyc	4716
source/project/PNG-2PCF-model-to-observe/codes/task43/__pycache__/test_task43_rsd_common.cpython-312.pyc	7114
source/project/PNG-2PCF-model-to-observe/codes/task43/__pycache__/test_task43_rsd_lightcone_fit.cpython-312.pyc	7070
source/project/PNG-2PCF-model-to-observe/codes/task43/__pycache__/test_task43_rsd_lightcone_pk0.cpython-312.pyc	3522
source/project/PNG-2PCF-model-to-observe/codes/task43/__pycache__/test_task43_rsd_lightcone_random.cpython-312.pyc	1827
source/project/PNG-2PCF-model-to-observe/codes/task43/__pycache__/test_task43_rsd_model.cpython-312.pyc	1363
source/project/PNG-2PCF-model-to-observe/codes/task43/__pycache__/test_task43_rsd_wide_lightcone.cpython-312.pyc	5365
source/project/PNG-2PCF-model-to-observe/codes/task43/__pycache__/test_task43_xi_gsm.cpython-312.pyc	9695
source/project/PNG-2PCF-model-to-observe/codes/task43/__pycache__/test_task43_xi_linear_rsd.cpython-312.pyc	6516
source/project/PNG-2PCF-model-to-observe/codes/task43/__pycache__/test_task43_xi_realspace_ir.cpython-312.pyc	3551
source/project/PNG-2PCF-model-to-observe/codes/task43/run_rawbox_p02_loop.sh	831
source/project/PNG-2PCF-model-to-observe/codes/task43/run_task43_ezmock_covariance_finalizer_persistent.sh	943
source/project/PNG-2PCF-model-to-observe/codes/task43/run_task43_ezmock_covariance_login_persistent.sh	2603
source/project/PNG-2PCF-model-to-observe/codes/task43/run_task43_ezmock_covariance_login.sh	1465
source/project/PNG-2PCF-model-to-observe/codes/task43/run_task43_ezmock_lightcone_validation_login.sh	3798
source/project/PNG-2PCF-model-to-observe/codes/task43/run_task43_ezmock_rawbox_login.sh	2221
source/project/PNG-2PCF-model-to-observe/codes/task43/run_task43_ezmock_rawbox_trial_login.sh	3435
source/project/PNG-2PCF-model-to-observe/codes/task43/run_task43_ezmock_rsd_production_login_persistent.sh	1839
source/project/PNG-2PCF-model-to-observe/codes/task43/run_task43_joint_pkxi_login.sh	2629
source/project/PNG-2PCF-model-to-observe/codes/task43/run_task43_joint_rsd_pkxi_login.sh	1220
source/project/PNG-2PCF-model-to-observe/codes/task43/run_task43_lightcone_smin40_login.sh	1434
source/project/PNG-2PCF-model-to-observe/codes/task43/run_task43_mmin1p4_summarize_xi_fkp.sh	811
source/project/PNG-2PCF-model-to-observe/codes/task43/run_task43_pk_cpu_login.sh	5025
source/project/PNG-2PCF-model-to-observe/codes/task43/run_task43_pngbase_c302_fnl100_covariance_login.sh	1564
source/project/PNG-2PCF-model-to-observe/codes/task43/run_task43_pngbase_pseudolc_catalogs_cpu.sbatch	1072
source/project/PNG-2PCF-model-to-observe/codes/task43/run_task43_pngbase_pseudolc_fit_cpu.sbatch	1117
source/project/PNG-2PCF-model-to-observe/codes/task43/run_task43_pngbase_pseudolc_pk_cpu.sbatch	1521
source/project/PNG-2PCF-model-to-observe/codes/task43/run_task43_pngbase_pseudolc_plots_cpu.sbatch	1105
source/project/PNG-2PCF-model-to-observe/codes/task43/run_task43_pngbase_pseudolc_randoms_cpu.sbatch	1306
source/project/PNG-2PCF-model-to-observe/codes/task43/run_task43_pngbase_pseudolc_xi_gpu.sbatch	1483
source/project/PNG-2PCF-model-to-observe/codes/task43/run_task43_rascalc_kmin_cpu_login.sh	2563
source/project/PNG-2PCF-model-to-observe/codes/task43/run_task43_rawbox_pair_moments_ph000_v2.sbatch	1054
source/project/PNG-2PCF-model-to-observe/codes/task43/run_task43_ric_2pcf_convergence_login.sh	2711
source/project/PNG-2PCF-model-to-observe/codes/task43/run_task43_ric_pk_convergence_login.sh	2330
source/project/PNG-2PCF-model-to-observe/codes/task43/run_task43_rmax_scan_covariance_login.sh	29834
source/project/PNG-2PCF-model-to-observe/codes/task43/run_task43_rmax_scan_inference_login.sh	15464
source/project/PNG-2PCF-model-to-observe/codes/task43/run_task43_rmax_scan_summarize_login.sh	2312
source/project/PNG-2PCF-model-to-observe/codes/task43/run_task43_rmax_scan_xi_gpu_array.sbatch	1691
source/project/PNG-2PCF-model-to-observe/codes/task43/run_task43_rmax_scan_xi_gpu_single.sbatch	1859
source/project/PNG-2PCF-model-to-observe/codes/task43/run_task43_rmin_scan_covariance_login.sh	4522
source/project/PNG-2PCF-model-to-observe/codes/task43/run_task43_rmin_scan_covariance_support_login.sh	3938
source/project/PNG-2PCF-model-to-observe/codes/task43/run_task43_rmin_scan_finalize_login.sh	805
source/project/PNG-2PCF-model-to-observe/codes/task43/run_task43_rmin_scan_inference_login.sh	6408
source/project/PNG-2PCF-model-to-observe/codes/task43/run_task43_rmin_scan_preliminary_x12_login.sh	12955
source/project/PNG-2PCF-model-to-observe/codes/task43/run_task43_rmin_scan_summarize_login.sh	2226
source/project/PNG-2PCF-model-to-observe/codes/task43/run_task43_rmin_scan_xi_gpu_array.sbatch	696
source/project/PNG-2PCF-model-to-observe/codes/task43/run_task43_rmin_scan_xi_gpu_single.sbatch	1820
source/project/PNG-2PCF-model-to-observe/codes/task43/run_task43_rsd_boxsafe_ell2_login.sh	1085
source/project/PNG-2PCF-model-to-observe/codes/task43/run_task43_rsd_boxsafe_lightcone_final_cpu.sbatch	5403
source/project/PNG-2PCF-model-to-observe/codes/task43/run_task43_rsd_boxsafe_lightcone_pk0_cpu.sbatch	3424
source/project/PNG-2PCF-model-to-observe/codes/task43/run_task43_rsd_boxsafe_lightcone_prepare_cpu.sbatch	3495
source/project/PNG-2PCF-model-to-observe/codes/task43/run_task43_rsd_boxsafe_lightcone_xi0_covariance_gpu.sbatch	3045
source/project/PNG-2PCF-model-to-observe/codes/task43/run_task43_rsd_boxsafe_lightcone_xi0_gpu_array.sbatch	1476
source/project/PNG-2PCF-model-to-observe/codes/task43/run_task43_rsd_boxsafe_lightcone_xi_gpu.sbatch	1411
source/project/PNG-2PCF-model-to-observe/codes/task43/run_task43_rsd_boxsafe_p02_login.sh	1519
source/project/PNG-2PCF-model-to-observe/codes/task43/run_task43_rsd_boxsafe_upstream_cpu.sbatch	2263
source/project/PNG-2PCF-model-to-observe/codes/task43/run_task43_rsd_covariance_gpu.sbatch	3176
source/project/PNG-2PCF-model-to-observe/codes/task43/run_task43_rsd_formal_gic_windows_login.sh	1525
source/project/PNG-2PCF-model-to-observe/codes/task43/run_task43_rsd_lightcone_pk0_vs_xi0_login.sh	3814
source/project/PNG-2PCF-model-to-observe/codes/task43/run_task43_rsd_lightcone_postprocess_login.sh	5907
source/project/PNG-2PCF-model-to-observe/codes/task43/run_task43_rsd_lightcone_x25_gpu_serial.sbatch	2130
source/project/PNG-2PCF-model-to-observe/codes/task43/run_task43_rsd_lightcone_xi_gpu_array.sbatch	1542
source/project/PNG-2PCF-model-to-observe/codes/task43/run_task43_rsd_lightcone_xi_gpu.sbatch	1191
source/project/PNG-2PCF-model-to-observe/codes/task43/run_task43_rsd_rawbox_pk0_login.sh	1357
source/project/PNG-2PCF-model-to-observe/codes/task43/run_task43_rsd_rawbox_pk0_vs_xi0_login.sh	988
source/project/PNG-2PCF-model-to-observe/codes/task43/run_task43_rsd_wide_lightcone_audit_cpu.sbatch	930
source/project/PNG-2PCF-model-to-observe/codes/task43/run_task43_rsd_wide_lightcone_final_cpu.sbatch	5189
source/project/PNG-2PCF-model-to-observe/codes/task43/run_task43_rsd_wide_lightcone_pk0_cpu.sbatch	3129
source/project/PNG-2PCF-model-to-observe/codes/task43/run_task43_rsd_wide_lightcone_upstream_cpu.sbatch	1679
source/project/PNG-2PCF-model-to-observe/codes/task43/run_task43_rsd_wide_lightcone_xi0_covariance_gpu.sbatch	2873
source/project/PNG-2PCF-model-to-observe/codes/task43/run_task43_rsd_wide_lightcone_xi0_gpu_array.sbatch	1241
source/project/PNG-2PCF-model-to-observe/codes/task43/run_task43_rsd_wide_lightcone_xi0_prepare_cpu.sbatch	3224
source/project/PNG-2PCF-model-to-observe/codes/task43/task43_analyze_ezmock_rsd_rawbox_density_probe.py	9854
source/project/PNG-2PCF-model-to-observe/codes/task43/task43_analyze_ezmock_rsd_rawbox_param_scan.py	14877
source/project/PNG-2PCF-model-to-observe/codes/task43/task43_apply_rr_smu_deconvolution_to_covariance.py	16280
source/project/PNG-2PCF-model-to-observe/codes/task43/task43_audit_ezmock_common_random.py	3932
source/project/PNG-2PCF-model-to-observe/codes/task43/task43_audit_ezmock_covariance_abundance.py	1935
source/project/PNG-2PCF-model-to-observe/codes/task43/task43_audit_ezmock_covariance_environment.py	2622
source/project/PNG-2PCF-model-to-observe/codes/task43/task43_audit_pngbase_c302_fnl100_covariance.py	7166
source/project/PNG-2PCF-model-to-observe/codes/task43/task43_audit_pngbase_pseudolc_experiment.py	8063
source/project/PNG-2PCF-model-to-observe/codes/task43/task43_audit_rmax_scan_hygiene.py	42382
source/project/PNG-2PCF-model-to-observe/codes/task43/task43_audit_rmax_scan_measurements.py	27432
source/project/PNG-2PCF-model-to-observe/codes/task43/task43_audit_rmin_scan_covariance.py	9261
source/project/PNG-2PCF-model-to-observe/codes/task43/task43_audit_rmin_scan_hygiene.py	10737
source/project/PNG-2PCF-model-to-observe/codes/task43/task43_audit_rmin_scan_measurements.py	8496
source/project/PNG-2PCF-model-to-observe/codes/task43/task43_audit_rsd_lightcone_pk0_vs_xi0.py	10398
source/project/PNG-2PCF-model-to-observe/codes/task43/task43_audit_rsd_rawbox_x25_failure.py	11754
source/project/PNG-2PCF-model-to-observe/codes/task43/task43_audit_rsd_wide_lightcone_final.py	11207
source/project/PNG-2PCF-model-to-observe/codes/task43/task43_audit_rsd_wide_lightcone_upstream.py	10831
source/project/PNG-2PCF-model-to-observe/codes/task43/task43_audit_validation_common50_xi_ab.py	3080
source/project/PNG-2PCF-model-to-observe/codes/task43/task43_average_rsd_formal_gic_windows.py	4175
source/project/PNG-2PCF-model-to-observe/codes/task43/task43_benchmark_fcfc_common50_split.py	6479
source/project/PNG-2PCF-model-to-observe/codes/task43/task43_build_ezmock_common_random.py	5894
source/project/PNG-2PCF-model-to-observe/codes/task43/task43_build_ezmock_common_rr_fcfc.py	6230
source/project/PNG-2PCF-model-to-observe/codes/task43/task43_build_ezmock_covariance_lightcone.py	9945
source/project/PNG-2PCF-model-to-observe/codes/task43/task43_build_ezmock_lightcone.py	11055
source/project/PNG-2PCF-model-to-observe/codes/task43/task43_build_ezmock_rawbox_catalog.py	7286
source/project/PNG-2PCF-model-to-observe/codes/task43/task43_build_ezmock_rsd_common_random.py	6028
source/project/PNG-2PCF-model-to-observe/codes/task43/task43_build_ezmock_rsd_common_rr_fcfc.py	5873
source/project/PNG-2PCF-model-to-observe/codes/task43/task43_build_ezmock_rsd_common_rr_smu_fcfc.py	6045
source/project/PNG-2PCF-model-to-observe/codes/task43/task43_build_ezmock_rsd_lightcone.py	10924
source/project/PNG-2PCF-model-to-observe/codes/task43/task43_build_formal_gic_window.py	3431
source/project/PNG-2PCF-model-to-observe/codes/task43/task43_build_halo_catalog.py	17420
source/project/PNG-2PCF-model-to-observe/codes/task43/task43_build_interim_ezmock_covariance_x61.py	11809
source/project/PNG-2PCF-model-to-observe/codes/task43/task43_build_pngbase_c302_fnl100_covariance.py	21261
source/project/PNG-2PCF-model-to-observe/codes/task43/task43_build_pngbase_pseudolc_catalog.py	15239
source/project/PNG-2PCF-model-to-observe/codes/task43/task43_build_randoms.py	8129
source/project/PNG-2PCF-model-to-observe/codes/task43/task43_build_rascalc_kmin_xi.py	14242
source/project/PNG-2PCF-model-to-observe/codes/task43/task43_build_real_joint_cov_s30_v1.py	10652
source/project/PNG-2PCF-model-to-observe/codes/task43/task43_build_ric_factorized_kernel_boxsafe.py	6207
source/project/PNG-2PCF-model-to-observe/codes/task43/task43_build_ric_factorized_kernel.py	8517
source/project/PNG-2PCF-model-to-observe/codes/task43/task43_build_rmax_scan_rr_smu.py	11177
source/project/PNG-2PCF-model-to-observe/codes/task43/task43_build_rsd_boxsafe_catalogs.py	12510
source/project/PNG-2PCF-model-to-observe/codes/task43/task43_build_rsd_formal_gic_window.py	4806
source/project/PNG-2PCF-model-to-observe/codes/task43/task43_build_rsd_lightcone_catalog.py	25059
source/project/PNG-2PCF-model-to-observe/codes/task43/task43_build_rsd_lightcone_random.py	13220
source/project/PNG-2PCF-model-to-observe/codes/task43/task43_build_rsd_rawbox_catalog.py	10147
source/project/PNG-2PCF-model-to-observe/codes/task43/task43_calibrate_rascalc_alpha_from_phases.py	27094
source/project/PNG-2PCF-model-to-observe/codes/task43/task43_collect_rascalc_kmin_audit.py	22272
source/project/PNG-2PCF-model-to-observe/codes/task43/task43_compare_ezmock_rsd_lightcone_pilot_vs_abacus.py	22065
source/project/PNG-2PCF-model-to-observe/codes/task43/task43_compare_ezmock_rsd_pdfbase_scan_z0p60.py	8344
source/project/PNG-2PCF-model-to-observe/codes/task43/task43_compare_ezmock_rsd_zscan_vs_abacus.py	10736
source/project/PNG-2PCF-model-to-observe/codes/task43/task43_compare_pk_kthmin.py	21119
source/project/PNG-2PCF-model-to-observe/codes/task43/task43_compare_rascalc_kmin_covariances.py	15085
source/project/PNG-2PCF-model-to-observe/codes/task43/task43_compare_rmin_covariance_support.py	5588
source/project/PNG-2PCF-model-to-observe/codes/task43/task43_compare_rsd_rr_covariances.py	4757
source/project/PNG-2PCF-model-to-observe/codes/task43/task43_config.py	3021
source/project/PNG-2PCF-model-to-observe/codes/task43/task43_diagnose_jaxpower_lightcone_covariance.py	23140
source/project/PNG-2PCF-model-to-observe/codes/task43/task43_diagnose_joint_b1.py	7538
source/project/PNG-2PCF-model-to-observe/codes/task43/task43_embed_lightcone_in_jaxpower.py	6598
source/project/PNG-2PCF-model-to-observe/codes/task43/task43_extend_analytic_monopole.py	1691
source/project/PNG-2PCF-model-to-observe/codes/task43/task43_extend_monopole.py	1959
source/project/PNG-2PCF-model-to-observe/codes/task43/task43_ezmock_covariance_common.py	7210
source/project/PNG-2PCF-model-to-observe/codes/task43/task43_ezmock_covariance_plan.md	7565
source/project/PNG-2PCF-model-to-observe/codes/task43/task43_ezmock_lightcone_common.py	6748
source/project/PNG-2PCF-model-to-observe/codes/task43/task43_ezmock_rawbox_manual_tuning.ipynb	204281
source/project/PNG-2PCF-model-to-observe/codes/task43/task43_ezmock_rsd_covariance_common.py	5694
source/project/PNG-2PCF-model-to-observe/codes/task43/task43_ezmock_rsd_manual_tuning.ipynb	254931
source/project/PNG-2PCF-model-to-observe/codes/task43/task43_ezmock_rsd_manual_tuning.py	17987
source/project/PNG-2PCF-model-to-observe/codes/task43/task43_ezmock_rsd_manual_tuning_replay_figure.py	13857
source/project/PNG-2PCF-model-to-observe/codes/task43/task43_finalize_398_reuse.py	5701
source/project/PNG-2PCF-model-to-observe/codes/task43/task43_finalize_ezmock_covariance.py	33196
source/project/PNG-2PCF-model-to-observe/codes/task43/task43_finalize_rsd_validation.py	12918
source/project/PNG-2PCF-model-to-observe/codes/task43/task43_finite_mock_corrections.py	1923
source/project/PNG-2PCF-model-to-observe/codes/task43/task43_fit_ezmock_mean_test.py	1933
source/project/PNG-2PCF-model-to-observe/codes/task43/task43_fit_minimal_closure.py	42086
source/project/PNG-2PCF-model-to-observe/codes/task43/task43_fit_pk_lightcone.py	28759
source/project/PNG-2PCF-model-to-observe/codes/task43/task43_fit_rsd_lightcone_pk0_vs_xi0_smin50.py	30729
source/project/PNG-2PCF-model-to-observe/codes/task43/task43_fit_rsd_lightcone_x25.py	45807
source/project/PNG-2PCF-model-to-observe/codes/task43/task43_fit_rsd_rawbox_pilot.py	11653
source/project/PNG-2PCF-model-to-observe/codes/task43/task43_fit_rsd_rawbox_pk0_vs_xi0_smin50.py	31614
source/project/PNG-2PCF-model-to-observe/codes/task43/task43_fit_rsd_rawbox_x25.py	30534
source/project/PNG-2PCF-model-to-observe/codes/task43/task43_fit_rsd_wide_lightcone_xi0_smin50.py	19963
source/project/PNG-2PCF-model-to-observe/codes/task43/task43_fixed_sn0_mcmc.py	4628
source/project/PNG-2PCF-model-to-observe/codes/task43/task43_fixed_sn0_p02_mcmc.py	3898
source/project/PNG-2PCF-model-to-observe/codes/task43/task43_fixed_sn0_verified.py	7905
source/project/PNG-2PCF-model-to-observe/codes/task43/task43_fkp_zeff.py	13392
source/project/PNG-2PCF-model-to-observe/codes/task43/task43_goal.md	4801
source/project/PNG-2PCF-model-to-observe/codes/task43/task43_joint_pkxi_build_cov.py	25070
source/project/PNG-2PCF-model-to-observe/codes/task43/task43_joint_pkxi_fit.py	23333
source/project/PNG-2PCF-model-to-observe/codes/task43/task43_joint_rsd_pkxi_build_cov.py	11909
source/project/PNG-2PCF-model-to-observe/codes/task43/task43_joint_rsd_pkxi_fit.py	20250
source/project/PNG-2PCF-model-to-observe/codes/task43/task43_l0only_joint_sn0wide_verified.py	3535
source/project/PNG-2PCF-model-to-observe/codes/task43/task43_l0only_mcmc_verified.py	4507
source/project/PNG-2PCF-model-to-observe/codes/task43/task43_lightcone_free_growth_test.py	25151
source/project/PNG-2PCF-model-to-observe/codes/task43/task43_make_ezmock_abacus_c000_linear_pk.py	3704
source/project/PNG-2PCF-model-to-observe/codes/task43/task43_make_ezmock_covariance_manifest.py	4557
source/project/PNG-2PCF-model-to-observe/codes/task43/task43_make_ezmock_lightcone_manifest.py	4554
source/project/PNG-2PCF-model-to-observe/codes/task43/task43_make_ezmock_rsd_covariance_manifest.py	4244
source/project/PNG-2PCF-model-to-observe/codes/task43/task43_make_ezmock_rsd_fixampT_pilot_manifest.py	4956
source/project/PNG-2PCF-model-to-observe/codes/task43/task43_make_ezmock_rsd_production_manifest.py	5210
source/project/PNG-2PCF-model-to-observe/codes/task43/task43_make_jaxpower_lightcone_covariance.py	16968
source/project/PNG-2PCF-model-to-observe/codes/task43/task43_make_manifest.py	5789
source/project/PNG-2PCF-model-to-observe/codes/task43/task43_make_pk_covariance_jaxpower.py	13243
source/project/PNG-2PCF-model-to-observe/codes/task43/task43_make_pngbase_pseudolc_manifests.py	3544
source/project/PNG-2PCF-model-to-observe/codes/task43/task43_make_rawbox_z0p725_mmin1p3e13_gaussian_covariance.py	1855
source/project/PNG-2PCF-model-to-observe/codes/task43/task43_make_ric_factorized_operator_boxsafe.py	12310
source/project/PNG-2PCF-model-to-observe/codes/task43/task43_make_ric_factorized_operator.py	24524
source/project/PNG-2PCF-model-to-observe/codes/task43/task43_make_rmax_scan_manifest.py	5004
source/project/PNG-2PCF-model-to-observe/codes/task43/task43_make_rmin_scan_manifest.py	5575
source/project/PNG-2PCF-model-to-observe/codes/task43/task43_make_rmin_scan_subset_manifest.py	4565
source/project/PNG-2PCF-model-to-observe/codes/task43/task43_make_rsd_lightcone_pk0_covariance_jaxpower.py	17622
source/project/PNG-2PCF-model-to-observe/codes/task43/task43_make_rsd_manifest.py	5878
source/project/PNG-2PCF-model-to-observe/codes/task43/task43_make_rsd_wide_lightcone_manifest.py	6257
source/project/PNG-2PCF-model-to-observe/codes/task43/task43_measure_ezmock_covariance_pk_jaxpower.py	14177
source/project/PNG-2PCF-model-to-observe/codes/task43/task43_measure_ezmock_covariance_xi_fcfc.py	13285
source/project/PNG-2PCF-model-to-observe/codes/task43/task43_measure_ezmock_rawbox_pk_jaxpower.py	5609
source/project/PNG-2PCF-model-to-observe/codes/task43/task43_measure_ezmock_rawbox_xi_fcfc.py	5226
source/project/PNG-2PCF-model-to-observe/codes/task43/task43_measure_ezmock_rsd_lightcone_p02.py	11834
source/project/PNG-2PCF-model-to-observe/codes/task43/task43_measure_ezmock_rsd_lightcone_xi_fcfc.py	15070
source/project/PNG-2PCF-model-to-observe/codes/task43/task43_measure_ezmock_rsd_p02_jaxpower.py	5065
source/project/PNG-2PCF-model-to-observe/codes/task43/task43_measure_ezmock_trial_pk_jaxpower.py	5964
source/project/PNG-2PCF-model-to-observe/codes/task43/task43_measure_lightcone_xi_fcfc.py	16362
source/project/PNG-2PCF-model-to-observe/codes/task43/task43_measure_pk_jaxpower.py	9223
source/project/PNG-2PCF-model-to-observe/codes/task43/task43_measure_pngbase_pseudolc_xi_pycorr.py	9759
source/project/PNG-2PCF-model-to-observe/codes/task43/task43_measure_rawbox_pair_moments_v2.py	25198
source/project/PNG-2PCF-model-to-observe/codes/task43/task43_measure_rsd_lightcone_p02_jaxpower.py	10978
source/project/PNG-2PCF-model-to-observe/codes/task43/task43_measure_rsd_lightcone_pk0_jaxpower.py	13064
source/project/PNG-2PCF-model-to-observe/codes/task43/task43_measure_rsd_lightcone_xi.py	11423
source/project/PNG-2PCF-model-to-observe/codes/task43/task43_measure_rsd_rawbox_p02_jaxpower.py	9924
source/project/PNG-2PCF-model-to-observe/codes/task43/task43_measure_rsd_rawbox_pk0_jaxpower.py	11152
source/project/PNG-2PCF-model-to-observe/codes/task43/task43_measure_rsd_rawbox_xi_fcfc.py	14033
source/project/PNG-2PCF-model-to-observe/codes/task43/task43_measure_validation_common50_xi_fcfc.py	5994
source/project/PNG-2PCF-model-to-observe/codes/task43/task43_measure_xi_cucount.py	10159
source/project/PNG-2PCF-model-to-observe/codes/task43/task43_overlay_pk_window_kmin_contour.py	21953
source/project/PNG-2PCF-model-to-observe/codes/task43/task43_pair_moment_smoothing.py	5850
source/project/PNG-2PCF-model-to-observe/codes/task43/task43_pk_common.py	10537
source/project/PNG-2PCF-model-to-observe/codes/task43/task43_plot_abacus_lightcone_geometry.py	9872
source/project/PNG-2PCF-model-to-observe/codes/task43/task43_plot_all_fixed_sn0_9_18style.py	5047
source/project/PNG-2PCF-model-to-observe/codes/task43/task43_plot_all_fixed_sn0_allparams.py	9660
source/project/PNG-2PCF-model-to-observe/codes/task43/task43_plot_ezmock506_covariance_mcmc_vs_jaxpower.py	10028
source/project/PNG-2PCF-model-to-observe/codes/task43/task43_plot_ezmock_covariance_mcmc_vs_jaxpower_allparams.py	13284
source/project/PNG-2PCF-model-to-observe/codes/task43/task43_plot_ezmock_lightcone_interim_x7.py	18209
source/project/PNG-2PCF-model-to-observe/codes/task43/task43_plot_ezmock_rawbox_mean_clustering.py	10154
source/project/PNG-2PCF-model-to-observe/codes/task43/task43_plot_fixed_sn0_9_18style.py	5854
source/project/PNG-2PCF-model-to-observe/codes/task43/task43_plot_interim_ezmock_covariance_pk_vs_2pcf.py	12922
source/project/PNG-2PCF-model-to-observe/codes/task43/task43_plot_joint_contours_generic.py	6204
source/project/PNG-2PCF-model-to-observe/codes/task43/task43_plot_joint_pk_xi_contours.py	10066
source/project/PNG-2PCF-model-to-observe/codes/task43/task43_plot_joint_rsd_pkxi_contours.py	8322
source/project/PNG-2PCF-model-to-observe/codes/task43/task43_plot_joint_split_sigma_9_18style.py	10967
source/project/PNG-2PCF-model-to-observe/codes/task43/task43_plot_l0only_allparams.py	5238
source/project/PNG-2PCF-model-to-observe/codes/task43/task43_plot_l0only_sn0wide.py	5698
source/project/PNG-2PCF-model-to-observe/codes/task43/task43_plot_lightcone_fnl_b1_contour.py	11345
source/project/PNG-2PCF-model-to-observe/codes/task43/task43_plot_lightcone_free_growth_test.py	19131
source/project/PNG-2PCF-model-to-observe/codes/task43/task43_plot_lightcone_joint_baomask_v1.py	18226
source/project/PNG-2PCF-model-to-observe/codes/task43/task43_plot_lightcone_smin40_contours_v1.py	6331
source/project/PNG-2PCF-model-to-observe/codes/task43/task43_plot_lightcone_smin40_vs50_v1.py	14789
source/project/PNG-2PCF-model-to-observe/codes/task43/task43_plot_measurement_vs_ezmock_loglog.py	8946
source/project/PNG-2PCF-model-to-observe/codes/task43/task43_plot_notebook_manual_seed439961.py	2556
source/project/PNG-2PCF-model-to-observe/codes/task43/task43_plot_p02_fix_diagnosis.py	5623
source/project/PNG-2PCF-model-to-observe/codes/task43/task43_plot_p02_kminscan_contours.py	6214
source/project/PNG-2PCF-model-to-observe/codes/task43/task43_plot_p02xi02_joint_contours.py	6290
source/project/PNG-2PCF-model-to-observe/codes/task43/task43_plot_pk_covariance_correlation.py	7010
source/project/PNG-2PCF-model-to-observe/codes/task43/task43_plot_pngbase_paired_response.py	10187
source/project/PNG-2PCF-model-to-observe/codes/task43/task43_plot_pngbase_pseudolc_joint.py	1401
source/project/PNG-2PCF-model-to-observe/codes/task43/task43_plot_rawbox_joint_baomask_v1.py	19315
source/project/PNG-2PCF-model-to-observe/codes/task43/task43_plot_rawbox_x10_ezmock_vs_abacus.py	3267
source/project/PNG-2PCF-model-to-observe/codes/task43/task43_plot_realspace_check.py	4665
source/project/PNG-2PCF-model-to-observe/codes/task43/task43_plot_realspace_pk_check.py	4375
source/project/PNG-2PCF-model-to-observe/codes/task43/task43_plot_ric_covariance_pair_longchain.py	15285
source/project/PNG-2PCF-model-to-observe/codes/task43/task43_plot_ric_jaxpower_pk_vs_2pcf_smax550.py	19624
source/project/PNG-2PCF-model-to-observe/codes/task43/task43_plot_ric_rascalc_pk_vs_2pcf.py	14853
source/project/PNG-2PCF-model-to-observe/codes/task43/task43_plot_ric_singleterm.py	15418
source/project/PNG-2PCF-model-to-observe/codes/task43/task43_plot_rmax_scan_fnl_b1_contours.py	20569
source/project/PNG-2PCF-model-to-observe/codes/task43/task43_plot_rmin_scan_preliminary_x12_pk_contours.py	18851
source/project/PNG-2PCF-model-to-observe/codes/task43/task43_plot_rsd_lightcone_vs_rawbox_xi0_mean.py	10086
source/project/PNG-2PCF-model-to-observe/codes/task43/task43_plot_rsd_quadrupole_increment.py	15221
source/project/PNG-2PCF-model-to-observe/codes/task43/task43_plot_rsd_rawbox_pk0_vs_xi0_contours.py	9603
source/project/PNG-2PCF-model-to-observe/codes/task43/task43_plot_rsd_wide_narrow_rawbox_monopoles.py	11301
source/project/PNG-2PCF-model-to-observe/codes/task43/task43_plot_smax200_curves.py	3444
source/project/PNG-2PCF-model-to-observe/codes/task43/task43_plot_smax200_only.py	2117
source/project/PNG-2PCF-model-to-observe/codes/task43/task43_plot_split_sigma_fixed_sn0_allparams.py	6121
source/project/PNG-2PCF-model-to-observe/codes/task43/task43_plot_w2_convergence.py	3155
source/project/PNG-2PCF-model-to-observe/codes/task43/task43_plot_xi02_perpole_bestfits.py	6666
source/project/PNG-2PCF-model-to-observe/codes/task43/task43_plot_xi02_perpole_contours.py	5814
source/project/PNG-2PCF-model-to-observe/codes/task43/task43_pngbase_pseudolc_common.py	3961
source/project/PNG-2PCF-model-to-observe/codes/task43/task43_prepare_ezmock_common_random_hdf5.py	4480
source/project/PNG-2PCF-model-to-observe/codes/task43/task43_prepare_ezmock_rsd_common_random_hdf5.py	2457
source/project/PNG-2PCF-model-to-observe/codes/task43/task43_prepare_rsd_covariance_inputs.py	7841
source/project/PNG-2PCF-model-to-observe/codes/task43/task43_prepare_rsd_lightcone_fkp_views.py	5622
source/project/PNG-2PCF-model-to-observe/codes/task43/task43_rawbox_ezmock_common.py	4865
source/project/PNG-2PCF-model-to-observe/codes/task43/task43_rawbox_numerics.py	15433
source/project/PNG-2PCF-model-to-observe/codes/task43/task43_refine_rawbox_pair_moments_ph000_v3.py	11794
source/project/PNG-2PCF-model-to-observe/codes/task43/task43_replot_rawbox_baomask_mcmc_v1.py	8229
source/project/PNG-2PCF-model-to-observe/codes/task43/task43_replot_rsd_rawbox_pk0_vs_xi0_l0only.py	2464
source/project/PNG-2PCF-model-to-observe/codes/task43/task43_ric_singleterm.py	32805
source/project/PNG-2PCF-model-to-observe/codes/task43/task43_rmax_scan_goal.md	5062
source/project/PNG-2PCF-model-to-observe/codes/task43/task43_rmin_scan_fisher.py	21964
source/project/PNG-2PCF-model-to-observe/codes/task43/task43_rmin_scan_goal.md	3471
source/project/PNG-2PCF-model-to-observe/codes/task43/task43_rr_smu_fallback.sbatch	1279
source/project/PNG-2PCF-model-to-observe/codes/task43/task43_rr_smu.sbatch	941
source/project/PNG-2PCF-model-to-observe/codes/task43/task43_rsd_boxsafe_build_ell02_products.py	8513
source/project/PNG-2PCF-model-to-observe/codes/task43/task43_rsd_boxsafe_ell2_increment.py	10323
source/project/PNG-2PCF-model-to-observe/codes/task43/task43_rsd_boxsafe_p02_increment.py	18314
source/project/PNG-2PCF-model-to-observe/codes/task43/task43_rsd_boxsafe_p02_kminscan.py	9811
source/project/PNG-2PCF-model-to-observe/codes/task43/task43_rsd_boxsafe_p02_ricprobe.py	10755
source/project/PNG-2PCF-model-to-observe/codes/task43/task43_rsd_boxsafe_xi02_perpole_smin.py	10174
source/project/PNG-2PCF-model-to-observe/codes/task43/task43_rsd_common.py	10627
source/project/PNG-2PCF-model-to-observe/codes/task43/task43_rsd_ezmock1000_smax200.py	9225
source/project/PNG-2PCF-model-to-observe/codes/task43/task43_rsd_ezmock281_inference.py	22312
source/project/PNG-2PCF-model-to-observe/codes/task43/task43_rsd_ezmock281_mcmc_compare.py	16626
source/project/PNG-2PCF-model-to-observe/codes/task43/task43_rsd_ezmock281_mcmc.sbatch	1269
source/project/PNG-2PCF-model-to-observe/codes/task43/task43_rsd_ezmock426_monopole.py	11639
source/project/PNG-2PCF-model-to-observe/codes/task43/task43_rsd_goal.md	16292
source/project/PNG-2PCF-model-to-observe/codes/task43/task43_rsd_joint_p02xi02_fit.py	17030
source/project/PNG-2PCF-model-to-observe/codes/task43/task43_rsd_lightcone_pk0_contract.py	4223
source/project/PNG-2PCF-model-to-observe/codes/task43/task43_rsd_model.py	7550
source/project/PNG-2PCF-model-to-observe/codes/task43/task43_rsd_preflight.py	4958
source/project/PNG-2PCF-model-to-observe/codes/task43/task43_rsd_rawbox_joint_4way.py	21517
source/project/PNG-2PCF-model-to-observe/codes/task43/task43_rsd_rawbox_joint_pkxi.py	16062
source/project/PNG-2PCF-model-to-observe/codes/task43/task43_rsd_rawbox_realspace_check.py	6217
source/project/PNG-2PCF-model-to-observe/codes/task43/task43_rsd_rawbox_realspace_finalmetric_v2.py	15409
source/project/PNG-2PCF-model-to-observe/codes/task43/task43_rsd_rawbox_realspace_mcmc.py	5197
source/project/PNG-2PCF-model-to-observe/codes/task43/task43_rsd_rawbox_realspace_pk_check.py	6945
source/project/PNG-2PCF-model-to-observe/codes/task43/task43_run_empirical_gsm_ph000_v2.py	18022
source/project/PNG-2PCF-model-to-observe/codes/task43/task43_run_empirical_gsm_refined_ph000_v3.py	13477
source/project/PNG-2PCF-model-to-observe/codes/task43/task43_run_ezmock_covariance_login.py	6022
source/project/PNG-2PCF-model-to-observe/codes/task43/task43_run_ezmock_rawbox_trial.py	19020
source/project/PNG-2PCF-model-to-observe/codes/task43/task43_run_ezmock_rsd_covariance_login.py	3971
source/project/PNG-2PCF-model-to-observe/codes/task43/task43_run_gsm_density_moment_2x2_ph000_v3.py	11241
source/project/PNG-2PCF-model-to-observe/codes/task43/task43_run_lightcone_joint_baomask_smin40_v1.py	15547
source/project/PNG-2PCF-model-to-observe/codes/task43/task43_run_lightcone_joint_baomask_v1.py	37414
source/project/PNG-2PCF-model-to-observe/codes/task43/task43_run_lightcone_joint_vequiv27.py	8309
source/project/PNG-2PCF-model-to-observe/codes/task43/task43_runlog.md	42417
source/project/PNG-2PCF-model-to-observe/codes/task43/task43_run_pngbase_pseudolc_joint.py	20559
source/project/PNG-2PCF-model-to-observe/codes/task43/task43_run_rascalc_lightcone_kmin.py	22959
source/project/PNG-2PCF-model-to-observe/codes/task43/task43_run_rawbox_baomask_mcmc_v1.py	32761
source/project/PNG-2PCF-model-to-observe/codes/task43/task43_run_rawbox_joint_baomask_v1.py	38205
source/project/PNG-2PCF-model-to-observe/codes/task43/task43_run_rawbox_monopole_joint_baomask_v1.py	14464
source/project/PNG-2PCF-model-to-observe/codes/task43/task43_run_xi_linear_operator_closure_v2.py	8438
source/project/PNG-2PCF-model-to-observe/codes/task43/task43_split_sigma_fixed_sn0_verified.py	4720
source/project/PNG-2PCF-model-to-observe/codes/task43/task43_split_sigma_mcmc_and_plot.py	10144
source/project/PNG-2PCF-model-to-observe/codes/task43/task43_submit_main_fcfc_debug_rolling.sh	3575
source/project/PNG-2PCF-model-to-observe/codes/task43/task43_submit_main_fcfc_individual.sh	725
source/project/PNG-2PCF-model-to-observe/codes/task43/task43_submit_main_fcfc_rolling.sh	1498
source/project/PNG-2PCF-model-to-observe/codes/task43/task43_submit_main_fcfc_shared_after_inputs.sh	3372
source/project/PNG-2PCF-model-to-observe/codes/task43/task43_submit_xi_shared_nzmatch.sh	3515
source/project/PNG-2PCF-model-to-observe/codes/task43/task43_summarize_ezmock_covariance.py	43959
source/project/PNG-2PCF-model-to-observe/codes/task43/task43_summarize_ezmock_lightcone_validation.py	19982
source/project/PNG-2PCF-model-to-observe/codes/task43/task43_summarize_ezmock_rawbox_clustering.py	6717
source/project/PNG-2PCF-model-to-observe/codes/task43/task43_summarize_ezmock_rsd_covariance.py	4248
source/project/PNG-2PCF-model-to-observe/codes/task43/task43_summarize_pk_lightcone.py	18800
source/project/PNG-2PCF-model-to-observe/codes/task43/task43_summarize_ric_singleterm.py	25311
source/project/PNG-2PCF-model-to-observe/codes/task43/task43_summarize_rmax_scan.py	54068
source/project/PNG-2PCF-model-to-observe/codes/task43/task43_summarize_rmin_scan.py	16652
source/project/PNG-2PCF-model-to-observe/codes/task43/task43_summarize_rsd_lightcone_pilot.py	8520
source/project/PNG-2PCF-model-to-observe/codes/task43/task43_summarize_rsd_lightcone_pk0.py	15086
source/project/PNG-2PCF-model-to-observe/codes/task43/task43_summarize_rsd_lightcone_x25.py	11770
source/project/PNG-2PCF-model-to-observe/codes/task43/task43_summarize_rsd_rawbox_pilot.py	7657
source/project/PNG-2PCF-model-to-observe/codes/task43/task43_summarize_rsd_rawbox_x25.py	14919
source/project/PNG-2PCF-model-to-observe/codes/task43/task43_summarize_w2_convergence.py	7755
source/project/PNG-2PCF-model-to-observe/codes/task43/task43_summarize_xi.py	11868
source/project/PNG-2PCF-model-to-observe/codes/task43/task43_summary_after_full.sbatch	1298
source/project/PNG-2PCF-model-to-observe/codes/task43/task43_test_parameter_sharing.py	3488
source/project/PNG-2PCF-model-to-observe/codes/task43/task43_theory_template.py	4674
source/project/PNG-2PCF-model-to-observe/codes/task43/task43_xi_gsm.py	17706
source/project/PNG-2PCF-model-to-observe/codes/task43/task43_xi_linear_rsd.py	10613
source/project/PNG-2PCF-model-to-observe/codes/task43/task43_xi_realspace_ir.py	5449
source/project/PNG-2PCF-model-to-observe/codes/task43/task43_xi_smu_main_single_nzmatch_c12.sbatch	1425
source/project/PNG-2PCF-model-to-observe/codes/task43/task43_xi_smu_main_single_nzmatch_c20.sbatch	1425
source/project/PNG-2PCF-model-to-observe/codes/task43/task43_xi_smu_main_single_nzmatch_c2.sbatch	1419
source/project/PNG-2PCF-model-to-observe/codes/task43/task43_xi_smu_main_single_nzmatch_c32.sbatch	1425
source/project/PNG-2PCF-model-to-observe/codes/task43/task43_xi_smu_main_single_nzmatch_c4.sbatch	1419
source/project/PNG-2PCF-model-to-observe/codes/task43/task43_xi_smu_main_single_nzmatch_c8.sbatch	1419
source/project/PNG-2PCF-model-to-observe/codes/task43/task43_xi_smu_main_single_nzmatch.sbatch	1415
source/project/PNG-2PCF-model-to-observe/codes/task43/task43_xi_smu_main_single.sbatch	1319
source/project/PNG-2PCF-model-to-observe/codes/task43/task43_xi_smu_pilot.sbatch	1169
source/project/PNG-2PCF-model-to-observe/codes/task43/task43_xi_smu_single.sbatch	1309
source/project/PNG-2PCF-model-to-observe/codes/task43/task43_xi_smu_x1000.sbatch	1591
source/project/PNG-2PCF-model-to-observe/codes/task43/task43_xi_smu_x10.sbatch	1221
source/project/PNG-2PCF-model-to-observe/codes/task43/test_task43_lightcone_free_growth.py	1467
source/project/PNG-2PCF-model-to-observe/codes/task43/test_task43_lightcone_joint_baomask.py	1423
source/project/PNG-2PCF-model-to-observe/codes/task43/test_task43_pair_moment_smoothing.py	1930
source/project/PNG-2PCF-model-to-observe/codes/task43/test_task43_rawbox_joint_baomask.py	2479
source/project/PNG-2PCF-model-to-observe/codes/task43/test_task43_rawbox_numerics.py	7619
source/project/PNG-2PCF-model-to-observe/codes/task43/test_task43_rawbox_pair_moments_v2.py	3200
source/project/PNG-2PCF-model-to-observe/codes/task43/test_task43_rsd_common.py	4139
source/project/PNG-2PCF-model-to-observe/codes/task43/test_task43_rsd_lightcone_fit.py	3816
source/project/PNG-2PCF-model-to-observe/codes/task43/test_task43_rsd_lightcone_pk0.py	2226
source/project/PNG-2PCF-model-to-observe/codes/task43/test_task43_rsd_lightcone_random.py	790
source/project/PNG-2PCF-model-to-observe/codes/task43/test_task43_rsd_model.py	566
source/project/PNG-2PCF-model-to-observe/codes/task43/test_task43_rsd_wide_lightcone.py	2602
source/project/PNG-2PCF-model-to-observe/codes/task43/test_task43_xi_gsm.py	5477
source/project/PNG-2PCF-model-to-observe/codes/task43/test_task43_xi_linear_rsd.py	3742
source/project/PNG-2PCF-model-to-observe/codes/task43/test_task43_xi_realspace_ir.py	1687
source/project/PNG-2PCF-model-to-observe/codes/task44/task44_config.py	11527
source/project/PNG-2PCF-model-to-observe/codes/task44/task44_diagnose_pk_xi_transfer.py	13112
source/project/PNG-2PCF-model-to-observe/codes/task44/task44_fit_lrg2_rsd.py	76651
source/project/PNG-2PCF-model-to-observe/codes/task44/task44_fit_pk_lrg2.py	30074
source/project/PNG-2PCF-model-to-observe/codes/task44/task44_fit_validation.py	6568
source/project/PNG-2PCF-model-to-observe/codes/task44/task44_hybrid_gsm.py	12992
source/project/PNG-2PCF-model-to-observe/codes/task44/task44_make_lrg2_jaxpower_covariance.py	28356
source/project/PNG-2PCF-model-to-observe/codes/task44/task44_measure_random75x_xi.py	35083
source/project/PNG-2PCF-model-to-observe/codes/task44/task44_pk_common.py	17716
source/project/PNG-2PCF-model-to-observe/codes/task44/task44_refinement_likelihood.py	13029
source/project/PNG-2PCF-model-to-observe/codes/task44/task44_rsd_theory.py	7897
source/project/PNG-2PCF-model-to-observe/codes/task44/task44_scalar_forward_model.py	14983
source/project/PNG-2PCF-model-to-observe/notes/06_window_matrix_solution.md	12170
source/project/PNG-2PCF-model-to-observe/notes/de_mattia_2019_gic_2pcf_vs_current_model.ipynb	34781
source/project/PNG-2PCF-model-to-observe/notes/GIC_detailed_guide.md	29078
source/project/PNG-2PCF-model-to-observe/notes/GIC_literature_review.md	12888
source/project/PNG-2PCF-model-to-observe/notes/GIC_Path2_final.md	10306
source/project/PNG-2PCF-model-to-observe/notes/GIC_Path2_theory.md	6501
source/project/PNG-2PCF-model-to-observe/observelearn/ref/2403.18789v1.pdf	1932314
source/project/PNG-2PCF-model-to-observe/observelearn/ref/2411.17623v2.pdf	4894001
source/project/PNG-2PCF-model-to-observe/observelearn/ref/integral_constraint/1904.08851_integral_constraints_spectroscopic_surveys.pdf	5508183
source/project/PNG-2PCF-model-to-observe/observelearn/ref/integral_constraint/2106.06324_window_function_matrix.pdf	3094316
source/project/PNG-2PCF-model-to-observe/outputs/task43_outputs/ezmock_rsd_lightcone_covariance_z0p4_0p8_x1000_common50_nzmatch_b0.30_z0.60/mcmc_preliminary_604/comparison_summary.json	24897
source/project/PNG-2PCF-model-to-observe/outputs/task43_outputs/ezmock_rsd_lightcone_covariance_z0p4_0p8_x1000_common50_nzmatch_b0.30_z0.60/mcmc_preliminary_604/ezmock604_covariance_and_stack.npz	375816
source/project/PNG-2PCF-model-to-observe/outputs/task43_outputs/ezmock_rsd_lightcone_covariance_z0p4_0p8_x1000_common50_nzmatch_b0.30_z0.60/mcmc_preliminary_604/summary_ezmock604_joint.json	4174
source/project/PNG-2PCF-model-to-observe/outputs/task43_outputs/ezmock_rsd_lightcone_covariance_z0p4_0p8_x1000_common50_nzmatch_b0.30_z0.60/mcmc_preliminary_604/summary_ezmock604_p02.json	4184
source/project/PNG-2PCF-model-to-observe/outputs/task43_outputs/ezmock_rsd_lightcone_covariance_z0p4_0p8_x1000_common50_nzmatch_b0.30_z0.60/mcmc_preliminary_604/summary_ezmock604_xi02.json	3399
source/project/PNG-2PCF-model-to-observe/outputs/task43_outputs/ezmock_rsd_lightcone_covariance_z0p4_0p8_x1000_common50_nzmatch_b0.30_z0.60/mcmc_preliminary_604/summary_jaxpower_joint.json	4003
source/project/PNG-2PCF-model-to-observe/outputs/task43_outputs/ezmock_rsd_lightcone_covariance_z0p4_0p8_x1000_common50_nzmatch_b0.30_z0.60/mcmc_preliminary_604/summary_jaxpower_p02.json	4022
source/project/PNG-2PCF-model-to-observe/outputs/task43_outputs/ezmock_rsd_lightcone_covariance_z0p4_0p8_x1000_common50_nzmatch_b0.30_z0.60/mcmc_preliminary_604/summary_jaxpower_xi02.json	3236
source/project/PNG-2PCF-model-to-observe/outputs/task43_outputs/rsd_validation/lightcone/kmax0p08_smin50_v1/task43_lightcone_standard_joint_baomask80_120_covariance_v1.npz	88393
source/project/PNG-2PCF-model-to-observe/outputs/task43_outputs/rsd_validation/task432_model_repair/audits/task432_baseline_contract.json	6959
source/project/PNG-2PCF-model-to-observe/outputs/task43_outputs/rsd_validation/task432_model_repair/audits/task432_rsd_model_audit.json	46144
source/project/PNG-2PCF-model-to-observe/outputs/task43_outputs/rsd_validation/task432_model_repair/fkp_conditional_diagnostics/completion_audit.json	2680
source/project/PNG-2PCF-model-to-observe/outputs/task43_outputs/rsd_validation/task432_model_repair/fkp_conditional_diagnostics/conditional_modes.json	5691
source/project/PNG-2PCF-model-to-observe/outputs/task43_outputs/rsd_validation/task432_model_repair/fkp_conditional_diagnostics/conditional_modes.npz	666246
source/project/PNG-2PCF-model-to-observe/outputs/task43_outputs/rsd_validation/task432_model_repair/fkp_conditional_diagnostics/delivery_manifest.json	4011
source/project/PNG-2PCF-model-to-observe/outputs/task43_outputs/rsd_validation/task432_model_repair/fkp_conditional_diagnostics/external_bias_inventory.json	10651
source/project/PNG-2PCF-model-to-observe/outputs/task43_outputs/rsd_validation/task432_model_repair/fkp_conditional_diagnostics/paired_fkp_results.json	6511
source/project/PNG-2PCF-model-to-observe/outputs/task43_outputs/rsd_validation/task432_model_repair/fkp_conditional_diagnostics/paired_fkp_results.npz	8474
source/project/PNG-2PCF-model-to-observe/outputs/task43_outputs/rsd_validation/task432_model_repair/fkp_conditional_diagnostics/paired/ph000/catalogs.json	10586
source/project/PNG-2PCF-model-to-observe/outputs/task43_outputs/rsd_validation/task432_model_repair/fkp_conditional_diagnostics/paired/ph000/independent_pk.json	343
source/project/PNG-2PCF-model-to-observe/outputs/task43_outputs/rsd_validation/task432_model_repair/fkp_conditional_diagnostics/paired/ph000/own_pk.json	333
source/project/PNG-2PCF-model-to-observe/outputs/task43_outputs/rsd_validation/task432_model_repair/fkp_conditional_diagnostics/paired/ph000/ric_response_n16384_seed4322407.json	1249
source/project/PNG-2PCF-model-to-observe/outputs/task43_outputs/rsd_validation/task432_model_repair/fkp_conditional_diagnostics/paired/ph000/ric_response_n8192_seed4322447.json	1250
source/project/PNG-2PCF-model-to-observe/outputs/task43_outputs/rsd_validation/task432_model_repair/fkp_conditional_diagnostics/paired/ph012/catalogs.json	10582
source/project/PNG-2PCF-model-to-observe/outputs/task43_outputs/rsd_validation/task432_model_repair/fkp_conditional_diagnostics/paired/ph012/independent_pk.json	342
source/project/PNG-2PCF-model-to-observe/outputs/task43_outputs/rsd_validation/task432_model_repair/fkp_conditional_diagnostics/paired/ph012/own_pk.json	335
source/project/PNG-2PCF-model-to-observe/outputs/task43_outputs/rsd_validation/task432_model_repair/fkp_conditional_diagnostics/paired/ph012/ric_response_n8192_seed4322407.json	1247
source/project/PNG-2PCF-model-to-observe/outputs/task43_outputs/rsd_validation/task432_model_repair/fkp_conditional_diagnostics/paired/ph012/ric_response_n8192_seed4322447.json	1247
source/project/PNG-2PCF-model-to-observe/outputs/task43_outputs/rsd_validation/task432_model_repair/fkp_conditional_diagnostics/paired/ph024/catalogs.json	10589
source/project/PNG-2PCF-model-to-observe/outputs/task43_outputs/rsd_validation/task432_model_repair/fkp_conditional_diagnostics/paired/ph024/independent_pk.json	342
source/project/PNG-2PCF-model-to-observe/outputs/task43_outputs/rsd_validation/task432_model_repair/fkp_conditional_diagnostics/paired/ph024/own_pk.json	336
source/project/PNG-2PCF-model-to-observe/outputs/task43_outputs/rsd_validation/task432_model_repair/fkp_conditional_diagnostics/paired/ph024/ric_response_n8192_seed4322407.json	1249
source/project/PNG-2PCF-model-to-observe/outputs/task43_outputs/rsd_validation/task432_model_repair/fkp_conditional_diagnostics/paired/ph024/ric_response_n8192_seed4322447.json	1246
source/project/PNG-2PCF-model-to-observe/outputs/task43_outputs/rsd_validation/task432_model_repair/fkp_conditional_diagnostics/postflight.json	8722
source/project/PNG-2PCF-model-to-observe/outputs/task43_outputs/rsd_validation/task432_model_repair/fkp_conditional_diagnostics/repository_audit.json	17084
source/project/PNG-2PCF-model-to-observe/outputs/task43_outputs/rsd_validation/task432_model_repair/full_ric_p02xi02_v1/delivery_manifest.json	22932
source/project/PNG-2PCF-model-to-observe/outputs/task43_outputs/rsd_validation/task432_model_repair/full_ric_p02xi02_v1/formal/joint/convergence_latest.json	1665
source/project/PNG-2PCF-model-to-observe/outputs/task43_outputs/rsd_validation/task432_model_repair/full_ric_p02xi02_v1/formal/joint/input_manifest.json	1437
source/project/PNG-2PCF-model-to-observe/outputs/task43_outputs/rsd_validation/task432_model_repair/full_ric_p02xi02_v1/formal/joint/progress.json	198
source/project/PNG-2PCF-model-to-observe/outputs/task43_outputs/rsd_validation/task432_model_repair/full_ric_p02xi02_v1/formal/joint/summary.json	5368
source/project/PNG-2PCF-model-to-observe/outputs/task43_outputs/rsd_validation/task432_model_repair/full_ric_p02xi02_v1/formal_mean4/joint/convergence_latest.json	1664
source/project/PNG-2PCF-model-to-observe/outputs/task43_outputs/rsd_validation/task432_model_repair/full_ric_p02xi02_v1/formal_mean4/joint/input_manifest.json	1461
source/project/PNG-2PCF-model-to-observe/outputs/task43_outputs/rsd_validation/task432_model_repair/full_ric_p02xi02_v1/formal_mean4/joint/progress.json	198
source/project/PNG-2PCF-model-to-observe/outputs/task43_outputs/rsd_validation/task432_model_repair/full_ric_p02xi02_v1/formal_mean4/joint/samples.npz	29084446
source/project/PNG-2PCF-model-to-observe/outputs/task43_outputs/rsd_validation/task432_model_repair/full_ric_p02xi02_v1/formal_mean4/joint/summary.json	5374
source/project/PNG-2PCF-model-to-observe/outputs/task43_outputs/rsd_validation/task432_model_repair/full_ric_p02xi02_v1/formal_mean4/p02/convergence_latest.json	1673
source/project/PNG-2PCF-model-to-observe/outputs/task43_outputs/rsd_validation/task432_model_repair/full_ric_p02xi02_v1/formal_mean4/p02/input_manifest.json	1459
source/project/PNG-2PCF-model-to-observe/outputs/task43_outputs/rsd_validation/task432_model_repair/full_ric_p02xi02_v1/formal_mean4/p02/progress.json	197
source/project/PNG-2PCF-model-to-observe/outputs/task43_outputs/rsd_validation/task432_model_repair/full_ric_p02xi02_v1/formal_mean4/p02/samples.npz	29020921
source/project/PNG-2PCF-model-to-observe/outputs/task43_outputs/rsd_validation/task432_model_repair/full_ric_p02xi02_v1/formal_mean4/p02/summary.json	3941
source/project/PNG-2PCF-model-to-observe/outputs/task43_outputs/rsd_validation/task432_model_repair/full_ric_p02xi02_v1/formal_mean4/postflight.json	35509
source/project/PNG-2PCF-model-to-observe/outputs/task43_outputs/rsd_validation/task432_model_repair/full_ric_p02xi02_v1/formal_mean4/results.json	44339
source/project/PNG-2PCF-model-to-observe/outputs/task43_outputs/rsd_validation/task432_model_repair/full_ric_p02xi02_v1/formal_mean4/xi02/convergence_latest.json	1314
source/project/PNG-2PCF-model-to-observe/outputs/task43_outputs/rsd_validation/task432_model_repair/full_ric_p02xi02_v1/formal_mean4/xi02/input_manifest.json	1443
source/project/PNG-2PCF-model-to-observe/outputs/task43_outputs/rsd_validation/task432_model_repair/full_ric_p02xi02_v1/formal_mean4/xi02/progress.json	198
source/project/PNG-2PCF-model-to-observe/outputs/task43_outputs/rsd_validation/task432_model_repair/full_ric_p02xi02_v1/formal_mean4/xi02/samples.npz	22956629
source/project/PNG-2PCF-model-to-observe/outputs/task43_outputs/rsd_validation/task432_model_repair/full_ric_p02xi02_v1/formal_mean4/xi02/summary.json	4307
source/project/PNG-2PCF-model-to-observe/outputs/task43_outputs/rsd_validation/task432_model_repair/full_ric_p02xi02_v1/formal/p02/convergence_latest.json	1673
source/project/PNG-2PCF-model-to-observe/outputs/task43_outputs/rsd_validation/task432_model_repair/full_ric_p02xi02_v1/formal/p02/input_manifest.json	1435
source/project/PNG-2PCF-model-to-observe/outputs/task43_outputs/rsd_validation/task432_model_repair/full_ric_p02xi02_v1/formal/p02/progress.json	197
source/project/PNG-2PCF-model-to-observe/outputs/task43_outputs/rsd_validation/task432_model_repair/full_ric_p02xi02_v1/formal/p02/summary.json	3941
source/project/PNG-2PCF-model-to-observe/outputs/task43_outputs/rsd_validation/task432_model_repair/full_ric_p02xi02_v1/formal/postflight.json	30807
source/project/PNG-2PCF-model-to-observe/outputs/task43_outputs/rsd_validation/task432_model_repair/full_ric_p02xi02_v1/formal/xi02/convergence_latest.json	1315
source/project/PNG-2PCF-model-to-observe/outputs/task43_outputs/rsd_validation/task432_model_repair/full_ric_p02xi02_v1/formal/xi02/input_manifest.json	1419
source/project/PNG-2PCF-model-to-observe/outputs/task43_outputs/rsd_validation/task432_model_repair/full_ric_p02xi02_v1/formal/xi02/progress.json	197
source/project/PNG-2PCF-model-to-observe/outputs/task43_outputs/rsd_validation/task432_model_repair/full_ric_p02xi02_v1/formal/xi02/summary.json	4305
source/project/PNG-2PCF-model-to-observe/outputs/task43_outputs/rsd_validation/task432_model_repair/full_ric_p02xi02_v1/geometry/hybrid_inner_refine1_q2_n600.json	486
source/project/PNG-2PCF-model-to-observe/outputs/task43_outputs/rsd_validation/task432_model_repair/full_ric_p02xi02_v1/geometry/hybrid_inner_refine1_q2_n600.npz	10235515
source/project/PNG-2PCF-model-to-observe/outputs/task43_outputs/rsd_validation/task432_model_repair/full_ric_p02xi02_v1/geometry/ph000_independent_n16384_dchi4_refine1_midpoint_ell8.json	2674
source/project/PNG-2PCF-model-to-observe/outputs/task43_outputs/rsd_validation/task432_model_repair/full_ric_p02xi02_v1/geometry/ph000_independent_n32768_dchi2_refine1_endpoint_ell2.json	2656
source/project/PNG-2PCF-model-to-observe/outputs/task43_outputs/rsd_validation/task432_model_repair/full_ric_p02xi02_v1/geometry/ph000_independent_n32768_dchi2_refine1_midpoint_ell8.json	2676
source/project/PNG-2PCF-model-to-observe/outputs/task43_outputs/rsd_validation/task432_model_repair/full_ric_p02xi02_v1/geometry/ph000_independent_n8192_dchi10_refine1_midpoint_ell8.json	2674
source/project/PNG-2PCF-model-to-observe/outputs/task43_outputs/rsd_validation/task432_model_repair/full_ric_p02xi02_v1/geometry/ph000_n1024_dchi20_refine1_midpoint_ell8.json	2583
source/project/PNG-2PCF-model-to-observe/outputs/task43_outputs/rsd_validation/task432_model_repair/full_ric_p02xi02_v1/geometry/ph000_qmc4322217_n32768_dchi1_refine1_midpoint_inmidpoint_ell8.json	2694
source/project/PNG-2PCF-model-to-observe/outputs/task43_outputs/rsd_validation/task432_model_repair/full_ric_p02xi02_v1/geometry/ph000_qmc4322217_n32768_dchi2_refine1_endpoint_inmidpoint_ell2.json	2673
source/project/PNG-2PCF-model-to-observe/outputs/task43_outputs/rsd_validation/task432_model_repair/full_ric_p02xi02_v1/geometry/ph000_qmc4322217_n32768_dchi2_refine1_midpoint_inmidpoint_ell8.json	2693
source/project/PNG-2PCF-model-to-observe/outputs/task43_outputs/rsd_validation/task432_model_repair/full_ric_p02xi02_v1/geometry/ph000_qmc4322217_n4096_dchi0_refine1_endpoint_inmidpoint_ell2.json	2673
source/project/PNG-2PCF-model-to-observe/outputs/task43_outputs/rsd_validation/task432_model_repair/full_ric_p02xi02_v1/geometry/ph000_qmc4322217_n4096_dchi0_refine1_midpoint_inmidpoint_ell8.json	2693
source/project/PNG-2PCF-model-to-observe/outputs/task43_outputs/rsd_validation/task432_model_repair/full_ric_p02xi02_v1/geometry/ph000_qmc4322257_n32768_dchi2_refine1_endpoint_inmidpoint_ell2.json	2672
source/project/PNG-2PCF-model-to-observe/outputs/task43_outputs/rsd_validation/task432_model_repair/full_ric_p02xi02_v1/geometry/ph000_qmc4322257_n32768_dchi2_refine1_midpoint_inmidpoint_ell8.json	2693
source/project/PNG-2PCF-model-to-observe/outputs/task43_outputs/rsd_validation/task432_model_repair/full_ric_p02xi02_v1/geometry/ph000_qmc4322291_n32768_dchi2_refine1_midpoint_inmidpoint_ell8.json	2693
source/project/PNG-2PCF-model-to-observe/outputs/task43_outputs/rsd_validation/task432_model_repair/full_ric_p02xi02_v1/geometry/ph000_qmc4322333_n32768_dchi2_refine1_midpoint_inmidpoint_ell8.json	2693
source/project/PNG-2PCF-model-to-observe/outputs/task43_outputs/rsd_validation/task432_model_repair/full_ric_p02xi02_v1/geometry/ph000_shot_n16384_dchi0_refine1_endpoint_ell2.json	2158
source/project/PNG-2PCF-model-to-observe/outputs/task43_outputs/rsd_validation/task432_model_repair/full_ric_p02xi02_v1/geometry/ph000_shot_n16384_dchi0_refine1_midpoint_ell8.json	2179
source/project/PNG-2PCF-model-to-observe/outputs/task43_outputs/rsd_validation/task432_model_repair/full_ric_p02xi02_v1/geometry/ph000_shot_n65536_dchi2_refine1_endpoint_ell2.json	2140
source/project/PNG-2PCF-model-to-observe/outputs/task43_outputs/rsd_validation/task432_model_repair/full_ric_p02xi02_v1/geometry/ph000_shot_n65536_dchi2_refine1_midpoint_ell8.json	2180
source/project/PNG-2PCF-model-to-observe/outputs/task43_outputs/rsd_validation/task432_model_repair/full_ric_p02xi02_v1/geometry/ph000_shot_white_n16384_dchi0_refine1_endpoint_ell2.json	2206
source/project/PNG-2PCF-model-to-observe/outputs/task43_outputs/rsd_validation/task432_model_repair/full_ric_p02xi02_v1/geometry/ph000_shot_white_n16384_dchi0_refine1_midpoint_ell8.json	2227
source/project/PNG-2PCF-model-to-observe/outputs/task43_outputs/rsd_validation/task432_model_repair/full_ric_p02xi02_v1/geometry/ph000_shot_white_n65536_dchi2_refine1_endpoint_ell2.json	2205
source/project/PNG-2PCF-model-to-observe/outputs/task43_outputs/rsd_validation/task432_model_repair/full_ric_p02xi02_v1/geometry/ph000_shot_white_n65536_dchi2_refine1_midpoint_ell8.json	2226
source/project/PNG-2PCF-model-to-observe/outputs/task43_outputs/rsd_validation/task432_model_repair/full_ric_p02xi02_v1/geometry/ph001_qmc4322217_n32768_dchi2_refine1_midpoint_inmidpoint_ell8.json	2693
source/project/PNG-2PCF-model-to-observe/outputs/task43_outputs/rsd_validation/task432_model_repair/full_ric_p02xi02_v1/geometry/production_rr_mu.npz	145375
source/project/PNG-2PCF-model-to-observe/outputs/task43_outputs/rsd_validation/task432_model_repair/full_ric_p02xi02_v1/geometry/random_pool_ph000.json	19513
source/project/PNG-2PCF-model-to-observe/outputs/task43_outputs/rsd_validation/task432_model_repair/full_ric_p02xi02_v1/geometry/random_pool_ph001.json	19514
source/project/PNG-2PCF-model-to-observe/outputs/task43_outputs/rsd_validation/task432_model_repair/full_ric_p02xi02_v1/geometry/refinement_independent_mean2_midpoint.json	3332
source/project/PNG-2PCF-model-to-observe/outputs/task43_outputs/rsd_validation/task432_model_repair/full_ric_p02xi02_v1/geometry/refinement_plan.json	515
source/project/PNG-2PCF-model-to-observe/outputs/task43_outputs/rsd_validation/task432_model_repair/full_ric_p02xi02_v1/geometry/stochastic_sn0_response.npz	1032
source/project/PNG-2PCF-model-to-observe/outputs/task43_outputs/rsd_validation/task432_model_repair/full_ric_p02xi02_v1/geometry/validated_mean2_endpoint.json	3312
source/project/PNG-2PCF-model-to-observe/outputs/task43_outputs/rsd_validation/task432_model_repair/full_ric_p02xi02_v1/geometry/validated_mean2_endpoint.npz	3853146
source/project/PNG-2PCF-model-to-observe/outputs/task43_outputs/rsd_validation/task432_model_repair/full_ric_p02xi02_v1/geometry/validated_mean2_midpoint.json	3332
source/project/PNG-2PCF-model-to-observe/outputs/task43_outputs/rsd_validation/task432_model_repair/full_ric_p02xi02_v1/geometry/validated_mean4_midpoint.json	3269
source/project/PNG-2PCF-model-to-observe/outputs/task43_outputs/rsd_validation/task432_model_repair/full_ric_p02xi02_v1/geometry/validated_mean4_midpoint.npz	9706916
source/project/PNG-2PCF-model-to-observe/outputs/task43_outputs/rsd_validation/task432_model_repair/full_ric_p02xi02_v1/input_manifest.json	1172
source/project/PNG-2PCF-model-to-observe/outputs/task43_outputs/rsd_validation/task432_model_repair/full_ric_p02xi02_v1/logs/workflow_status.json	103
source/project/PNG-2PCF-model-to-observe/outputs/task43_outputs/rsd_validation/task432_model_repair/full_ric_p02xi02_v1/paired/ezmock_0/paired_catalogs.json	1963
source/project/PNG-2PCF-model-to-observe/outputs/task43_outputs/rsd_validation/task432_model_repair/full_ric_p02xi02_v1/paired/ezmock_1/paired_catalogs.json	1966
source/project/PNG-2PCF-model-to-observe/outputs/task43_outputs/rsd_validation/task432_model_repair/full_ric_p02xi02_v1/paired/halo_ph000/paired_catalogs.json	10099
source/project/PNG-2PCF-model-to-observe/outputs/task43_outputs/rsd_validation/task432_model_repair/full_ric_p02xi02_v1/paired/paired_74vectors.npz	3024
source/project/PNG-2PCF-model-to-observe/outputs/task43_outputs/rsd_validation/task432_model_repair/full_ric_p02xi02_v1/pdf_visual_audit.json	1824
source/project/PNG-2PCF-model-to-observe/outputs/task43_outputs/rsd_validation/task432_model_repair/full_ric_p02xi02_v1/pilot/mean2_prodrr_stochastic/model_validation.json	1383
source/project/PNG-2PCF-model-to-observe/outputs/task43_outputs/rsd_validation/task432_model_repair/full_ric_p02xi02_v1/pilot/mean2_prodrr_stochastic/pilot_map.json	26585
source/project/PNG-2PCF-model-to-observe/outputs/task43_outputs/rsd_validation/task432_model_repair/full_ric_p02xi02_v1/pilot/mean2_prodrr_stochastic/provenance.json	1693
source/project/PNG-2PCF-model-to-observe/outputs/task43_outputs/rsd_validation/task432_model_repair/full_ric_p02xi02_v1/pilot/mean4xi_mean2P_prodrr_stochastic/engine.npz	3570882
source/project/PNG-2PCF-model-to-observe/outputs/task43_outputs/rsd_validation/task432_model_repair/full_ric_p02xi02_v1/pilot/mean4xi_mean2P_prodrr_stochastic/model_validation.json	1385
source/project/PNG-2PCF-model-to-observe/outputs/task43_outputs/rsd_validation/task432_model_repair/full_ric_p02xi02_v1/pilot/mean4xi_mean2P_prodrr_stochastic/pilot_map.json	26568
source/project/PNG-2PCF-model-to-observe/outputs/task43_outputs/rsd_validation/task432_model_repair/full_ric_p02xi02_v1/pilot/mean4xi_mean2P_prodrr_stochastic/provenance.json	1693
source/project/PNG-2PCF-model-to-observe/outputs/task43_outputs/rsd_validation/task432_model_repair/full_ric_p02xi02_v1/pilot/qmc1_all_prodrr/pilot_map.json	24829
source/project/PNG-2PCF-model-to-observe/outputs/task43_outputs/rsd_validation/task432_model_repair/full_ric_p02xi02_v1/pilot/qmc1_all_prodrr/provenance.json	1219
source/project/PNG-2PCF-model-to-observe/outputs/task43_outputs/rsd_validation/task432_model_repair/full_ric_p02xi02_v1/pilot/qmc1xi_mcP_pilot/pilot_map.json	24813
source/project/PNG-2PCF-model-to-observe/outputs/task43_outputs/rsd_validation/task432_model_repair/full_ric_p02xi02_v1/pilot/qmc1xi_mcP_pilot/provenance.json	1171
source/project/PNG-2PCF-model-to-observe/outputs/task43_outputs/rsd_validation/task432_model_repair/full_ric_p02xi02_v1/pilot/qmc1xi_mcP_prodrr/pilot_map.json	24815
source/project/PNG-2PCF-model-to-observe/outputs/task43_outputs/rsd_validation/task432_model_repair/full_ric_p02xi02_v1/pilot/qmc1xi_mcP_prodrr/provenance.json	1209
source/project/PNG-2PCF-model-to-observe/outputs/task43_outputs/rsd_validation/task432_model_repair/full_ric_p02xi02_v1/pilot/qmc2xi_qmc1P_prodrr/pilot_map.json	24809
source/project/PNG-2PCF-model-to-observe/outputs/task43_outputs/rsd_validation/task432_model_repair/full_ric_p02xi02_v1/pilot/qmc2xi_qmc1P_prodrr/provenance.json	1219
source/project/PNG-2PCF-model-to-observe/outputs/task43_outputs/rsd_validation/task432_model_repair/full_ric_p02xi02_v1/README.md	5048
source/project/PNG-2PCF-model-to-observe/outputs/task43_outputs/rsd_validation/task432_model_repair/full_ric_p02xi02_v1/reference/pycute-e29ea2ee95ba9127d00187e9e341a63a9431c437/README.md	851
source/project/PNG-2PCF-model-to-observe/outputs/task43_outputs/rsd_validation/task432_model_repair/full_ric_p02xi02_v1/reference/pywindow-9857ebef68153660454fee34c4fda60e90f7289e/README.md	310
source/project/PNG-2PCF-model-to-observe/outputs/task43_outputs/rsd_validation/task432_model_repair/full_ric_p02xi02_v1/repository_audit.json	5218
source/project/PNG-2PCF-model-to-observe/outputs/task43_outputs/rsd_validation/task432_model_repair/full_ric_p02xi02_v1/SHOT_AND_NUMERICS.md	5511
source/project/PNG-2PCF-model-to-observe/outputs/task43_outputs/rsd_validation/task432_model_repair/full_ric_p02xi02_v1/smoke/corrfunc_dense_bridge.json	399
source/project/PNG-2PCF-model-to-observe/outputs/task43_outputs/rsd_validation/task432_model_repair/full_ric_p02xi02_v1/smoke/corrfunc_production_bridge.json	641
source/project/PNG-2PCF-model-to-observe/outputs/task43_outputs/rsd_validation/task432_model_repair/full_ric_p02xi02_v1/smoke/eboss_backend_bridge.json	5002
source/project/PNG-2PCF-model-to-observe/outputs/task43_outputs/rsd_validation/task432_model_repair/full_ric_p02xi02_v1/smoke/full_response_pilot.json	17625
source/project/PNG-2PCF-model-to-observe/outputs/task43_outputs/rsd_validation/task432_model_repair/full_ric_p02xi02_v1/smoke/geometry_validation.json	12839
source/project/PNG-2PCF-model-to-observe/outputs/task43_outputs/rsd_validation/task432_model_repair/full_ric_p02xi02_v1/smoke/geometry_validation_mean4.json	17441
source/project/PNG-2PCF-model-to-observe/outputs/task43_outputs/rsd_validation/task432_model_repair/full_ric_p02xi02_v1/smoke/hankel_primitive.json	7547
source/project/PNG-2PCF-model-to-observe/outputs/task43_outputs/rsd_validation/task432_model_repair/full_ric_p02xi02_v1/smoke/hybrid_geometry_convergence.json	44818
source/project/PNG-2PCF-model-to-observe/outputs/task43_outputs/rsd_validation/task432_model_repair/full_ric_p02xi02_v1/smoke/hybrid_response_pilot.json	14681
source/project/PNG-2PCF-model-to-observe/outputs/task43_outputs/rsd_validation/task432_model_repair/full_ric_p02xi02_v1/smoke/los_local_vs_midpoint_n2048_seed4322233.json	2770
source/project/PNG-2PCF-model-to-observe/outputs/task43_outputs/rsd_validation/task432_model_repair/full_ric_p02xi02_v1/smoke/los_local_vs_midpoint_n4096_seed4322249.json	1182
source/project/PNG-2PCF-model-to-observe/outputs/task43_outputs/rsd_validation/task432_model_repair/full_ric_p02xi02_v1/smoke/paired_validation.json	22843
source/project/PNG-2PCF-model-to-observe/outputs/task43_outputs/rsd_validation/task432_model_repair/full_ric_p02xi02_v1/smoke/production_rr_audit.json	27195
source/project/PNG-2PCF-model-to-observe/outputs/task43_outputs/rsd_validation/task432_model_repair/full_ric_p02xi02_v1/smoke/reference_algebra_poisson.json	2698
source/project/PNG-2PCF-model-to-observe/outputs/task43_outputs/rsd_validation/task432_model_repair/full_ric_p02xi02_v1/smoke/shot_backend_bridge.json	344
source/project/PNG-2PCF-model-to-observe/outputs/task43_outputs/rsd_validation/task432_model_repair/full_ric_p02xi02_v1/smoke/shuffled_finite_random_shot.json	2757
source/project/PNG-2PCF-model-to-observe/outputs/task43_outputs/rsd_validation/task432_model_repair/full_ric_p02xi02_v1/smoke/stochastic_sn0_audit.json	2962
source/project/PNG-2PCF-model-to-observe/outputs/task43_outputs/rsd_validation/task432_model_repair/full_ric_p02xi02_v1/STATUS.md	6193
source/project/PNG-2PCF-model-to-observe/outputs/task43_outputs/rsd_validation/task432_model_repair/gsm_kaiser_limit_audit/task432_gsm_kaiser_limit_audit.json	15471
source/project/PNG-2PCF-model-to-observe/outputs/task43_outputs/rsd_validation/task432_model_repair/hybrid_ezmock1000_0918_contract_v1/ezmock1000_covariance_and_stack.npz	602635
source/project/PNG-2PCF-model-to-observe/outputs/task43_outputs/rsd_validation/task432_model_repair/hybrid_ezmock1000_0918_contract_v1/fits/joint/convergence_latest.json	1667
source/project/PNG-2PCF-model-to-observe/outputs/task43_outputs/rsd_validation/task432_model_repair/hybrid_ezmock1000_0918_contract_v1/fits/joint/progress.json	105
source/project/PNG-2PCF-model-to-observe/outputs/task43_outputs/rsd_validation/task432_model_repair/hybrid_ezmock1000_0918_contract_v1/fits/joint/summary.json	3765
source/project/PNG-2PCF-model-to-observe/outputs/task43_outputs/rsd_validation/task432_model_repair/hybrid_ezmock1000_0918_contract_v1/fits/p02/convergence_latest.json	1665
source/project/PNG-2PCF-model-to-observe/outputs/task43_outputs/rsd_validation/task432_model_repair/hybrid_ezmock1000_0918_contract_v1/fits/p02/progress.json	102
source/project/PNG-2PCF-model-to-observe/outputs/task43_outputs/rsd_validation/task432_model_repair/hybrid_ezmock1000_0918_contract_v1/fits/p02/summary.json	3512
source/project/PNG-2PCF-model-to-observe/outputs/task43_outputs/rsd_validation/task432_model_repair/hybrid_ezmock1000_0918_contract_v1/fits/xi02/convergence_latest.json	998
source/project/PNG-2PCF-model-to-observe/outputs/task43_outputs/rsd_validation/task432_model_repair/hybrid_ezmock1000_0918_contract_v1/fits/xi02/progress.json	104
source/project/PNG-2PCF-model-to-observe/outputs/task43_outputs/rsd_validation/task432_model_repair/hybrid_ezmock1000_0918_contract_v1/fits/xi02/summary.json	2636
source/project/PNG-2PCF-model-to-observe/outputs/task43_outputs/rsd_validation/task432_model_repair/hybrid_ezmock1000_0918_contract_v1/frozen_inputs.npz	2417555
source/project/PNG-2PCF-model-to-observe/outputs/task43_outputs/rsd_validation/task432_model_repair/hybrid_ezmock1000_0918_contract_v1/input_audit.json	15396
source/project/PNG-2PCF-model-to-observe/outputs/task43_outputs/rsd_validation/task432_model_repair/hybrid_ezmock1000_0918_contract_v1/mock_selection_crosscheck.json	220
source/project/PNG-2PCF-model-to-observe/outputs/task43_outputs/rsd_validation/task432_model_repair/hybrid_ezmock1000_0918_contract_v1/mock_selection_manifest.json	3872094
source/project/PNG-2PCF-model-to-observe/outputs/task43_outputs/rsd_validation/task432_model_repair/hybrid_ezmock1000_0918_contract_v1/postflight_audit.json	11589
source/project/PNG-2PCF-model-to-observe/outputs/task43_outputs/rsd_validation/task432_model_repair/hybrid_ezmock1000_0918_contract_v1/run_manifest.json	10322
source/project/PNG-2PCF-model-to-observe/outputs/task43_outputs/rsd_validation/task432_model_repair/hybrid_ezmock1000_0918_contract_v1/SUPERSEDED_BY_GIC.json	1461
source/project/PNG-2PCF-model-to-observe/outputs/task43_outputs/rsd_validation/task432_model_repair/hybrid_ezmock1000_0918_contract_v1/validation_predictions.npz	4531
source/project/PNG-2PCF-model-to-observe/outputs/task43_outputs/rsd_validation/task432_model_repair/hybrid_ezmock1000_0918_contract_v1/xi_emulator.npz	737595
source/project/PNG-2PCF-model-to-observe/outputs/task43_outputs/rsd_validation/task432_model_repair/hybrid_ezmock1000_gic_0918_contract/fits/joint/convergence_latest.json	1665
source/project/PNG-2PCF-model-to-observe/outputs/task43_outputs/rsd_validation/task432_model_repair/hybrid_ezmock1000_gic_0918_contract/fits/joint/progress.json	104
source/project/PNG-2PCF-model-to-observe/outputs/task43_outputs/rsd_validation/task432_model_repair/hybrid_ezmock1000_gic_0918_contract/fits/joint/summary.json	3790
source/project/PNG-2PCF-model-to-observe/outputs/task43_outputs/rsd_validation/task432_model_repair/hybrid_ezmock1000_gic_0918_contract/fits/p02/summary.json	3766
source/project/PNG-2PCF-model-to-observe/outputs/task43_outputs/rsd_validation/task432_model_repair/hybrid_ezmock1000_gic_0918_contract/fits/xi02/convergence_latest.json	996
source/project/PNG-2PCF-model-to-observe/outputs/task43_outputs/rsd_validation/task432_model_repair/hybrid_ezmock1000_gic_0918_contract/fits/xi02/progress.json	103
source/project/PNG-2PCF-model-to-observe/outputs/task43_outputs/rsd_validation/task432_model_repair/hybrid_ezmock1000_gic_0918_contract/fits/xi02/summary.json	2661
source/project/PNG-2PCF-model-to-observe/outputs/task43_outputs/rsd_validation/task432_model_repair/hybrid_ezmock1000_gic_0918_contract/frozen_inputs.npz	2417555
source/project/PNG-2PCF-model-to-observe/outputs/task43_outputs/rsd_validation/task432_model_repair/hybrid_ezmock1000_gic_0918_contract/input_audit.json	3178
source/project/PNG-2PCF-model-to-observe/outputs/task43_outputs/rsd_validation/task432_model_repair/hybrid_ezmock1000_gic_0918_contract/postflight_audit.json	19388
source/project/PNG-2PCF-model-to-observe/outputs/task43_outputs/rsd_validation/task432_model_repair/hybrid_ezmock1000_gic_0918_contract/README.md	5616
source/project/PNG-2PCF-model-to-observe/outputs/task43_outputs/rsd_validation/task432_model_repair/hybrid_ezmock1000_gic_0918_contract/run_manifest.json	10815
source/project/PNG-2PCF-model-to-observe/outputs/task43_outputs/rsd_validation/task432_model_repair/hybrid_ezmock1000_gic_0918_contract/validation_predictions.npz	4779
source/project/PNG-2PCF-model-to-observe/outputs/task43_outputs/rsd_validation/task432_model_repair/hybrid_ezmock1000_gic_0918_contract/xi_emulator.npz	1491849
source/project/PNG-2PCF-model-to-observe/outputs/task43_outputs/rsd_validation/task432_model_repair/hybrid_ezmock604_0918_contract_v1/CANCELLED.json	434
source/project/PNG-2PCF-model-to-observe/outputs/task43_outputs/rsd_validation/task432_model_repair/hybrid_ezmock604_0918_contract_v1/fits/joint/progress.json	105
source/project/PNG-2PCF-model-to-observe/outputs/task43_outputs/rsd_validation/task432_model_repair/hybrid_ezmock604_0918_contract_v1/fits/p02/progress.json	102
source/project/PNG-2PCF-model-to-observe/outputs/task43_outputs/rsd_validation/task432_model_repair/hybrid_ezmock604_0918_contract_v1/fits/xi02/progress.json	104
source/project/PNG-2PCF-model-to-observe/outputs/task43_outputs/rsd_validation/task432_model_repair/hybrid_ezmock604_0918_contract_v1/input_audit.json	11866
source/project/PNG-2PCF-model-to-observe/outputs/task43_outputs/rsd_validation/task432_model_repair/hybrid_gic_current_results.json	3289
source/project/PNG-2PCF-model-to-observe/outputs/task43_outputs/rsd_validation/task432_model_repair/hybrid_gic_joint_b1_cause_tests_v1/common_theory_cross_injection.json	110581
source/project/PNG-2PCF-model-to-observe/outputs/task43_outputs/rsd_validation/task432_model_repair/hybrid_gic_joint_b1_cause_tests_v1/common_theory_numerical_audit.json	2216
source/project/PNG-2PCF-model-to-observe/outputs/task43_outputs/rsd_validation/task432_model_repair/hybrid_gic_joint_b1_cause_tests_v1/comparison_summary.csv	644
source/project/PNG-2PCF-model-to-observe/outputs/task43_outputs/rsd_validation/task432_model_repair/hybrid_gic_joint_b1_cause_tests_v1/comparison_summary.json	1320
source/project/PNG-2PCF-model-to-observe/outputs/task43_outputs/rsd_validation/task432_model_repair/hybrid_gic_joint_b1_cause_tests_v1/input_manifest.json	1063
source/project/PNG-2PCF-model-to-observe/outputs/task43_outputs/rsd_validation/task432_model_repair/hybrid_gic_joint_b1_cause_tests_v1/README.md	7019
source/project/PNG-2PCF-model-to-observe/outputs/task43_outputs/rsd_validation/task432_model_repair/hybrid_gic_joint_b1_cause_tests_v1/report_audit.json	592
source/project/PNG-2PCF-model-to-observe/outputs/task43_outputs/rsd_validation/task432_model_repair/hybrid_gic_joint_b1_cause_tests_v1/ric_existing_probe.json	9383
source/project/PNG-2PCF-model-to-observe/outputs/task43_outputs/rsd_validation/task432_model_repair/hybrid_gic_joint_b1_cause_tests_v1/shot_contact_injection.json	819
source/project/PNG-2PCF-model-to-observe/outputs/task43_outputs/rsd_validation/task432_model_repair/hybrid_gic_joint_b1_cause_tests_v1/shot_response.json	44814
source/project/PNG-2PCF-model-to-observe/outputs/task43_outputs/rsd_validation/task432_model_repair/hybrid_gic_joint_b1_cause_tests_v1/source_manifest.json	4465
source/project/PNG-2PCF-model-to-observe/outputs/task43_outputs/rsd_validation/task432_model_repair/hybrid_gic_joint_b1_cause_tests_v1/window_pilot.json	34231
source/project/PNG-2PCF-model-to-observe/outputs/task43_outputs/rsd_validation/task432_model_repair/hybrid_gic_joint_b1_cause_tests_v1/window_provenance_audit.json	1956
source/project/PNG-2PCF-model-to-observe/outputs/task43_outputs/rsd_validation/task432_model_repair/hybrid_gic_joint_b1_cause_tests_v1/window_recompute_drift_preliminary.json	14578
source/project/PNG-2PCF-model-to-observe/outputs/task43_outputs/rsd_validation/task432_model_repair/hybrid_gic_joint_b1_diagnostics/calibration.json	733204
source/project/PNG-2PCF-model-to-observe/outputs/task43_outputs/rsd_validation/task432_model_repair/hybrid_gic_joint_b1_diagnostics/contract_audit.json	27994
source/project/PNG-2PCF-model-to-observe/outputs/task43_outputs/rsd_validation/task432_model_repair/hybrid_gic_joint_b1_diagnostics/covariance_bootstrap.json	103406
source/project/PNG-2PCF-model-to-observe/outputs/task43_outputs/rsd_validation/task432_model_repair/hybrid_gic_joint_b1_diagnostics/operator_delta_grid.npz	176925
source/project/PNG-2PCF-model-to-observe/outputs/task43_outputs/rsd_validation/task432_model_repair/hybrid_gic_joint_b1_diagnostics/operators.json	16909
source/project/PNG-2PCF-model-to-observe/outputs/task43_outputs/rsd_validation/task432_model_repair/hybrid_gic_joint_b1_diagnostics/paired_phase_data.npz	14502
source/project/PNG-2PCF-model-to-observe/outputs/task43_outputs/rsd_validation/task432_model_repair/hybrid_gic_joint_b1_diagnostics/phases.json	780313
source/project/PNG-2PCF-model-to-observe/outputs/task43_outputs/rsd_validation/task432_model_repair/hybrid_gic_joint_b1_diagnostics/postflight_audit.json	4001
source/project/PNG-2PCF-model-to-observe/outputs/task43_outputs/rsd_validation/task432_model_repair/hybrid_gic_joint_b1_diagnostics/primary.json	313870
source/project/PNG-2PCF-model-to-observe/outputs/task43_outputs/rsd_validation/task432_model_repair/hybrid_gic_joint_b1_diagnostics/refinement.json	802142
source/project/PNG-2PCF-model-to-observe/outputs/task43_outputs/rsd_validation/task432_model_repair/hybrid_gic_joint_b1_diagnostics/run_manifest.json	2731
source/project/PNG-2PCF-model-to-observe/outputs/task43_outputs/rsd_validation/task432_model_repair/hybrid_gic_window/api_audit.json	353
source/project/PNG-2PCF-model-to-observe/outputs/task43_outputs/rsd_validation/task432_model_repair/hybrid_gic_window/debug/smoke_gic.json	13260
source/project/PNG-2PCF-model-to-observe/outputs/task43_outputs/rsd_validation/task432_model_repair/hybrid_gic_window/frozen_pair_window.npz	155617
source/project/PNG-2PCF-model-to-observe/outputs/task43_outputs/rsd_validation/task432_model_repair/hybrid_gic_window/grid_manifest.json	946
source/project/PNG-2PCF-model-to-observe/outputs/task43_outputs/rsd_validation/task432_model_repair/hybrid_gic_window/hybrid_gic_grid.npz	1491849
source/project/PNG-2PCF-model-to-observe/outputs/task43_outputs/rsd_validation/task432_model_repair/hybrid_gic_window/README.md	5616
source/project/PNG-2PCF-model-to-observe/outputs/task43_outputs/rsd_validation/task432_model_repair/hybrid_gic_window/run_manifest.json	4555
source/project/PNG-2PCF-model-to-observe/outputs/task43_outputs/rsd_validation/task432_model_repair/hybrid_gic_window/visual_qa.json	1010
source/project/PNG-2PCF-model-to-observe/outputs/task43_outputs/rsd_validation/task432_model_repair/hybrid_gic_window/window_audit.json	19657
source/project/PNG-2PCF-model-to-observe/outputs/task43_outputs/rsd_validation/task432_model_repair/hybrid_jaxpower_0918_contract_v1/fits/joint/convergence_latest.json	1667
source/project/PNG-2PCF-model-to-observe/outputs/task43_outputs/rsd_validation/task432_model_repair/hybrid_jaxpower_0918_contract_v1/fits/joint/progress.json	104
source/project/PNG-2PCF-model-to-observe/outputs/task43_outputs/rsd_validation/task432_model_repair/hybrid_jaxpower_0918_contract_v1/fits/joint/summary.json	2690
source/project/PNG-2PCF-model-to-observe/outputs/task43_outputs/rsd_validation/task432_model_repair/hybrid_jaxpower_0918_contract_v1/fits/p02/convergence_latest.json	1665
source/project/PNG-2PCF-model-to-observe/outputs/task43_outputs/rsd_validation/task432_model_repair/hybrid_jaxpower_0918_contract_v1/fits/p02/progress.json	103
source/project/PNG-2PCF-model-to-observe/outputs/task43_outputs/rsd_validation/task432_model_repair/hybrid_jaxpower_0918_contract_v1/fits/p02/summary.json	2584
source/project/PNG-2PCF-model-to-observe/outputs/task43_outputs/rsd_validation/task432_model_repair/hybrid_jaxpower_0918_contract_v1/fits/xi02/convergence_latest.json	996
source/project/PNG-2PCF-model-to-observe/outputs/task43_outputs/rsd_validation/task432_model_repair/hybrid_jaxpower_0918_contract_v1/fits/xi02/progress.json	104
source/project/PNG-2PCF-model-to-observe/outputs/task43_outputs/rsd_validation/task432_model_repair/hybrid_jaxpower_0918_contract_v1/fits/xi02/summary.json	1880
source/project/PNG-2PCF-model-to-observe/outputs/task43_outputs/rsd_validation/task432_model_repair/hybrid_jaxpower_0918_contract_v1/frozen_inputs.npz	2417780
source/project/PNG-2PCF-model-to-observe/outputs/task43_outputs/rsd_validation/task432_model_repair/hybrid_jaxpower_0918_contract_v1/input_audit.json	5631
source/project/PNG-2PCF-model-to-observe/outputs/task43_outputs/rsd_validation/task432_model_repair/hybrid_jaxpower_0918_contract_v1/postflight_audit.json	11613
source/project/PNG-2PCF-model-to-observe/outputs/task43_outputs/rsd_validation/task432_model_repair/hybrid_jaxpower_0918_contract_v1/run_manifest.json	12104
source/project/PNG-2PCF-model-to-observe/outputs/task43_outputs/rsd_validation/task432_model_repair/hybrid_jaxpower_0918_contract_v1/SUPERSEDED_BY_GIC.json	1445
source/project/PNG-2PCF-model-to-observe/outputs/task43_outputs/rsd_validation/task432_model_repair/hybrid_jaxpower_0918_contract_v1/validation_predictions.npz	4531
source/project/PNG-2PCF-model-to-observe/outputs/task43_outputs/rsd_validation/task432_model_repair/hybrid_jaxpower_0918_contract_v1/xi_emulator.npz	737595
source/project/PNG-2PCF-model-to-observe/outputs/task43_outputs/rsd_validation/task432_model_repair/hybrid_jaxpower_gic_0918_contract/fits/joint/convergence_latest.json	1665
source/project/PNG-2PCF-model-to-observe/outputs/task43_outputs/rsd_validation/task432_model_repair/hybrid_jaxpower_gic_0918_contract/fits/joint/progress.json	103
source/project/PNG-2PCF-model-to-observe/outputs/task43_outputs/rsd_validation/task432_model_repair/hybrid_jaxpower_gic_0918_contract/fits/joint/summary.json	2927
source/project/PNG-2PCF-model-to-observe/outputs/task43_outputs/rsd_validation/task432_model_repair/hybrid_jaxpower_gic_0918_contract/fits/p02/summary.json	2836
source/project/PNG-2PCF-model-to-observe/outputs/task43_outputs/rsd_validation/task432_model_repair/hybrid_jaxpower_gic_0918_contract/fits/xi02/convergence_latest.json	1000
source/project/PNG-2PCF-model-to-observe/outputs/task43_outputs/rsd_validation/task432_model_repair/hybrid_jaxpower_gic_0918_contract/fits/xi02/progress.json	103
source/project/PNG-2PCF-model-to-observe/outputs/task43_outputs/rsd_validation/task432_model_repair/hybrid_jaxpower_gic_0918_contract/fits/xi02/summary.json	2121
source/project/PNG-2PCF-model-to-observe/outputs/task43_outputs/rsd_validation/task432_model_repair/hybrid_jaxpower_gic_0918_contract/frozen_inputs.npz	2417780
source/project/PNG-2PCF-model-to-observe/outputs/task43_outputs/rsd_validation/task432_model_repair/hybrid_jaxpower_gic_0918_contract/input_audit.json	3063
source/project/PNG-2PCF-model-to-observe/outputs/task43_outputs/rsd_validation/task432_model_repair/hybrid_jaxpower_gic_0918_contract/postflight_audit.json	19372
source/project/PNG-2PCF-model-to-observe/outputs/task43_outputs/rsd_validation/task432_model_repair/hybrid_jaxpower_gic_0918_contract/README.md	5616
source/project/PNG-2PCF-model-to-observe/outputs/task43_outputs/rsd_validation/task432_model_repair/hybrid_jaxpower_gic_0918_contract/run_manifest.json	10746
source/project/PNG-2PCF-model-to-observe/outputs/task43_outputs/rsd_validation/task432_model_repair/hybrid_jaxpower_gic_0918_contract/validation_predictions.npz	4779
source/project/PNG-2PCF-model-to-observe/outputs/task43_outputs/rsd_validation/task432_model_repair/hybrid_jaxpower_gic_0918_contract/xi_emulator.npz	1491849
source/project/PNG-2PCF-model-to-observe/outputs/task43_outputs/rsd_validation/task432_model_repair/lightcone_baomask_split_sigma_desilike_smoke_v3/audits/task432_lightcone_split_sigma_smoke.json	7842
source/project/PNG-2PCF-model-to-observe/outputs/task43_outputs/rsd_validation/task432_model_repair/lightcone_baomask_split_sigma_longchain/audits/task432_lightcone_split_sigma_summary.json	7830
source/project/PNG-2PCF-model-to-observe/outputs/task43_outputs/rsd_validation/task432_model_repair/lightcone_no_bao_2pcf/task432_no_bao_xi02_summary.json	1792
source/project/PNG-2PCF-model-to-observe/outputs/task43_outputs/rsd_validation/task432_model_repair/lightcone_png_velocileptors_gsm_longchain/fits/joint/summary.json	1840
source/project/PNG-2PCF-model-to-observe/outputs/task43_outputs/rsd_validation/task432_model_repair/lightcone_png_velocileptors_gsm_longchain/fits/xi02/summary.json	1196
source/project/PNG-2PCF-model-to-observe/outputs/task43_outputs/rsd_validation/task432_model_repair/lightcone_png_velocileptors_gsm_longchain/task432_lightcone_png_velocileptors_emulated_longchain_summary.json	14757
source/project/PNG-2PCF-model-to-observe/outputs/task43_outputs/rsd_validation/task432_model_repair/lightcone_png_velocileptors_gsm/task432_lightcone_png_velocileptors_gsm_map.json	10598
source/project/PNG-2PCF-model-to-observe/outputs/task43_outputs/rsd_validation/task432_model_repair/lightcone_png_velocileptors_gsm/task432_lightcone_png_velocileptors_mcmc_summary.json	10767
source/project/PNG-2PCF-model-to-observe/outputs/task43_outputs/rsd_validation/task432_model_repair/png_velocileptors_gsm/png_velocileptors_gsm/task432_png_velocileptors_gsm_summary.json	1217
source/project/PNG-2PCF-model-to-observe/outputs/task43_outputs/rsd_validation/task432_model_repair/png_velocileptors_gsm/task432_png_velocileptors_gsm_xi_summary.json	1268
source/project/PNG-2PCF-model-to-observe/outputs/task43_outputs/rsd_validation/task432_model_repair/rawbox_baomask_exactlowk_smoke/audits/task432_split_sigma_smoke.json	9393
source/project/PNG-2PCF-model-to-observe/outputs/task43_outputs/rsd_validation/task432_model_repair/rawbox_baomask_scale_fog_longchain/audits/task432_scale_fog_summary.json	6463
source/project/PNG-2PCF-model-to-observe/outputs/task43_outputs/rsd_validation/task432_model_repair/rawbox_baomask_scale_fog_smoke_v4/audits/task432_scale_fog_smoke.json	6412
source/project/PNG-2PCF-model-to-observe/outputs/task43_outputs/rsd_validation/task432_model_repair/rawbox_baomask_scale_fog_smoke_v5/audits/task432_scale_fog_smoke.json	6436
source/project/PNG-2PCF-model-to-observe/outputs/task43_outputs/rsd_validation/task432_model_repair/rawbox_baomask_split_sigma/audits/task432_split_sigma_smoke.json	7718
source/project/PNG-2PCF-model-to-observe/outputs/task43_outputs/rsd_validation/task432_model_repair/rawbox_baomask_split_sigma_longchain/audits/task432_split_sigma_summary.json	9390
source/project/PNG-2PCF-model-to-observe/outputs/task43_outputs/rsd_validation/task432_model_repair/rawbox_first_order_streaming/audits/task432_first_order_streaming_summary.json	1171
source/project/PNG-2PCF-model-to-observe/outputs/task43_outputs/rsd_validation/task432_model_repair/rawbox_linear_gsm_contours/task432_linear_gsm_contours.json	3424
source/project/PNG-2PCF-model-to-observe/outputs/task43_outputs/rsd_validation/task432_model_repair/rawbox_linear_gsm_contours_v2/task432_linear_gsm_contours.json	3432
source/project/PNG-2PCF-model-to-observe/outputs/task43_outputs/rsd_validation/task432_model_repair/rawbox_linear_gsm_fog_kmax_scan/audits/task432_linear_gsm_kmax_scan_fog.json	13049
source/project/PNG-2PCF-model-to-observe/outputs/task43_outputs/rsd_validation/task432_model_repair/rawbox_linear_gsm_fog_smoke/audits/task432_linear_gsm_kmax_scan_fog.json	3270
source/project/PNG-2PCF-model-to-observe/outputs/task43_outputs/rsd_validation/task432_model_repair/rawbox_linear_gsm_fog_smoke_v2/audits/task432_linear_gsm_kmax_scan_fog.json	3266
source/project/PNG-2PCF-model-to-observe/outputs/task43_outputs/rsd_validation/task432_model_repair/rawbox_linear_gsm_fog_stream12/audits/task432_linear_gsm_kmax_scan_fog.json	3265
source/project/PNG-2PCF-model-to-observe/outputs/task43_outputs/rsd_validation/task432_model_repair/rawbox_linear_gsm_fog_v2/audits/task432_linear_gsm_kmax_scan_fog.json	3259
source/project/PNG-2PCF-model-to-observe/outputs/task43_outputs/rsd_validation/task432_model_repair/rawbox_linear_gsm_fog_zmax10/audits/task432_linear_gsm_kmax_scan_fog.json	3261
source/project/PNG-2PCF-model-to-observe/outputs/task43_outputs/rsd_validation/task432_model_repair/rawbox_linear_gsm_fog_zmax6/audits/task432_linear_gsm_kmax_scan_fog.json	3260
source/project/PNG-2PCF-model-to-observe/outputs/task43_outputs/rsd_validation/task432_model_repair/rawbox_linear_gsm_kmax_scan/audits/task432_linear_gsm_kmax_scan.json	12466
source/project/PNG-2PCF-model-to-observe/outputs/task43_outputs/rsd_validation/task432_model_repair/rawbox_linear_gsm_smoke/audits/task432_linear_gsm_kmax_scan.json	3146
source/project/PNG-2PCF-model-to-observe/outputs/task43_outputs/rsd_validation/task432_model_repair/rawbox_linear_gsm_smoke_v2/audits/task432_linear_gsm_kmax_scan.json	3146
source/project/PNG-2PCF-model-to-observe/outputs/task43_outputs/rsd_validation/task432_model_repair/rawbox_linear_gsm_v2/audits/task432_linear_gsm_kmax_scan.json	3144
source/project/PNG-2PCF-model-to-observe/outputs/task43_outputs/rsd_validation/task432_model_repair/scale_selection_ezmock1000/chains/bao_unmasked/joint/convergence_latest.json	1660
source/project/PNG-2PCF-model-to-observe/outputs/task43_outputs/rsd_validation/task432_model_repair/scale_selection_ezmock1000/chains/bao_unmasked/joint/input_manifest.json	1131
source/project/PNG-2PCF-model-to-observe/outputs/task43_outputs/rsd_validation/task432_model_repair/scale_selection_ezmock1000/chains/bao_unmasked/joint/progress.json	203
source/project/PNG-2PCF-model-to-observe/outputs/task43_outputs/rsd_validation/task432_model_repair/scale_selection_ezmock1000/chains/bao_unmasked/joint/summary.json	5268
source/project/PNG-2PCF-model-to-observe/outputs/task43_outputs/rsd_validation/task432_model_repair/scale_selection_ezmock1000/chains/bao_unmasked/xi02/convergence_latest.json	1312
source/project/PNG-2PCF-model-to-observe/outputs/task43_outputs/rsd_validation/task432_model_repair/scale_selection_ezmock1000/chains/bao_unmasked/xi02/input_manifest.json	964
source/project/PNG-2PCF-model-to-observe/outputs/task43_outputs/rsd_validation/task432_model_repair/scale_selection_ezmock1000/chains/bao_unmasked/xi02/progress.json	204
source/project/PNG-2PCF-model-to-observe/outputs/task43_outputs/rsd_validation/task432_model_repair/scale_selection_ezmock1000/chains/bao_unmasked/xi02/summary.json	4195
source/project/PNG-2PCF-model-to-observe/outputs/task43_outputs/rsd_validation/task432_model_repair/scale_selection_ezmock1000/chains/kmax0p06/joint/convergence_latest.json	1665
source/project/PNG-2PCF-model-to-observe/outputs/task43_outputs/rsd_validation/task432_model_repair/scale_selection_ezmock1000/chains/kmax0p06/joint/input_manifest.json	953
source/project/PNG-2PCF-model-to-observe/outputs/task43_outputs/rsd_validation/task432_model_repair/scale_selection_ezmock1000/chains/kmax0p06/joint/progress.json	201
source/project/PNG-2PCF-model-to-observe/outputs/task43_outputs/rsd_validation/task432_model_repair/scale_selection_ezmock1000/chains/kmax0p06/joint/summary.json	4912
source/project/PNG-2PCF-model-to-observe/outputs/task43_outputs/rsd_validation/task432_model_repair/scale_selection_ezmock1000/chains/kmax0p06/p02/convergence_latest.json	1660
source/project/PNG-2PCF-model-to-observe/outputs/task43_outputs/rsd_validation/task432_model_repair/scale_selection_ezmock1000/chains/kmax0p06/p02/input_manifest.json	535
source/project/PNG-2PCF-model-to-observe/outputs/task43_outputs/rsd_validation/task432_model_repair/scale_selection_ezmock1000/chains/kmax0p06/p02/progress.json	198
source/project/PNG-2PCF-model-to-observe/outputs/task43_outputs/rsd_validation/task432_model_repair/scale_selection_ezmock1000/chains/kmax0p06/p02/summary.json	3454
source/project/PNG-2PCF-model-to-observe/outputs/task43_outputs/rsd_validation/task432_model_repair/scale_selection_ezmock1000/expanded_input_audit.json	319886
source/project/PNG-2PCF-model-to-observe/outputs/task43_outputs/rsd_validation/task432_model_repair/scale_selection_ezmock1000/expanded_inputs.npz	695701
source/project/PNG-2PCF-model-to-observe/outputs/task43_outputs/rsd_validation/task432_model_repair/scale_selection_ezmock1000/expanded_model_manifest.json	617
source/project/PNG-2PCF-model-to-observe/outputs/task43_outputs/rsd_validation/task432_model_repair/scale_selection_ezmock1000/expanded_model.npz	2868263
source/project/PNG-2PCF-model-to-observe/outputs/task43_outputs/rsd_validation/task432_model_repair/scale_selection_ezmock1000/expanded_validation.json	2303
source/project/PNG-2PCF-model-to-observe/outputs/task43_outputs/rsd_validation/task432_model_repair/scale_selection_ezmock1000/hygiene_audit.json	21261
source/project/PNG-2PCF-model-to-observe/outputs/task43_outputs/rsd_validation/task432_model_repair/scale_selection_ezmock1000/map_scan.json	105088
source/project/PNG-2PCF-model-to-observe/outputs/task43_outputs/rsd_validation/task432_model_repair/scale_selection_ezmock1000/paired_stability.json	48864
source/project/PNG-2PCF-model-to-observe/outputs/task43_outputs/rsd_validation/task432_model_repair/scale_selection_ezmock1000/paired_stability.npz	380584
source/project/PNG-2PCF-model-to-observe/outputs/task43_outputs/rsd_validation/task432_model_repair/scale_selection_ezmock1000/postflight.json	27950
source/project/PNG-2PCF-model-to-observe/outputs/task43_outputs/rsd_validation/task432_model_repair/scale_selection_ezmock1000/STATUS.json	1612
source/project/PNG-2PCF-model-to-observe/outputs/task43_outputs/rsd_validation/task432_model_repair/velocileptors_gsm_crosscheck/velocileptors_gsm_crosscheck/task432_velocileptors_gsm_crosscheck.json	1306
